timestamp,sender,origin,amount0,amount1,amountUSD,tickLower,tickUpper,logIndex,tx_hash,block_number,gasUsed,gasPrice
1667206859,0xc36442b4a4522e871399cd717abdd847ab11fe88,0x479bc00624e58398f4cf59d78884d12fb515790a,452560.342748,8458.417861255462085261,13851164.48145189030803201395866635,202640,202650,27,0x1ac423210252bf92797ce79cc9b5f451f2a1a743f874f9da503d08768f24b737,15867008,855641,7811000687
1667207291,0xc36442b4a4522e871399cd717abdd847ab11fe88,0xe03b743ff9a8ae4eea2da80b38335d2a2a466228,800,0.272741063657093727,1232.034977642691887308585909665087,200310,207240,165,0x31f1dadfe6846206d3e6a519b260d99e0ee10fb0f720ddd373d7631998e1c22a,15867044,527042,14874265017
1667207303,0xc36442b4a4522e871399cd717abdd847ab11fe88,0xd37c61f27ebc367bedc305f1fb404c3dc87b9d6c,0,75.99999999999999999,120387.6594912978232807883739587795,202640,202650,17,0x4a179e9513d1c66d9665c53f32eb01c6f282d430a0372b8abb3ef430ab368d28,15867045,452367,15483728156
1667207507,0xc36442b4a4522e871399cd717abdd847ab11fe88,0xece51b7d6b63b7f5a976ca0604dff6605f67bddb,1236.461176,1.718721252623977688,3958.998398649372255189052444133558,201800,203030,187,0xc77af3082b64bf61327caf18ab7cbd44ab7731335373bf3873d33b47f948720a,15867062,292641,13429042257
1667207807,0xc36442b4a4522e871399cd717abdd847ab11fe88,0xece51b7d6b63b7f5a976ca0604dff6605f67bddb,32.995466,0.044540777802069896,103.5493061930753893083776499600896,201800,203030,1508,0xc450e3a625c9ab84b5ec6f791bf185e2547a2677335f3c56b5e8ade19c8d4971,15867086,304836,13021969115
1667209259,0xc36442b4a4522e871399cd717abdd847ab11fe88,0xa5a13f62ce1113838e0d9b4559b8caf5f76463c0,17369425.615371,185.934125696329075101,17664856.72609313822406109925836383,202590,202600,4,0x3af22e34bf4bd449f75cf85c15a289636e4a398ac4f764bad2c73ab9d643f27a,15867207,1668024,9444997487
1667209583,0xc36442b4a4522e871399cd717abdd847ab11fe88,0x1f37886eb910eb498262382eb18bcb85bd6ddbf7,1036,0,1036,202530,202630,209,0xed3769f5db1853ecb75f060d45a589f781493b0aa875a76a60dd7ad2ce2b0d3d,15867234,484969,17617948735
1667209835,0xc36442b4a4522e871399cd717abdd847ab11fe88,0xa5f74ae4b22a792f18c42ec49a85cf560f16559f,10000,0,9999.999999999999999999999999999999,202440,202560,124,0xa09dab038660a9859187ba981fcfcb4d0d10eb543ba723e12592483e826699b2,15867255,443890,19661242031
1667209835,0xc36442b4a4522e871399cd717abdd847ab11fe88,0x479bc00624e58398f4cf59d78884d12fb515790a,8664786.680474,7776.626167033462194275,21229709.3657271253298983349286693,202430,202440,4,0xf19a115d479eac73e712e387867deba5dfccc9617ee9196ca75eebb04dec63d1,15867255,985114,18161242031
1667210147,0xc36442b4a4522e871399cd717abdd847ab11fe88,0x479bc00624e58398f4cf59d78884d12fb515790a,31098724.525491,1931.568156384080692209,34224096.54256673284987780779095517,202410,202420,4,0x873cd6aaed7d6bec6b0090568bdb7d679ab48cbc847c2b459edc95f0248f716b,15867281,855662,13965319210
1667210327,0xc36442b4a4522e871399cd717abdd847ab11fe88,0x5fe1eddb81a6e2ad3c10391c74c4f3e55c30f6f9,66250,0.219983647149811179,66605.94433090227974808502194916486,202410,204740,277,0xddb0089f3bbbdf4da919f875ab5fd06c553356114fee7bc562df9f72d4a58e95,15867296,561926,11842774032
1667210819,0xc36442b4a4522e871399cd717abdd847ab11fe88,0x065e3dbafcb2c26a978720f9eb4bce6ad9d644a1,7241994.225591,11983.286532716822506562,26711563.74539487457643787881576863,202370,202380,4,0xd9ccf37c3b647c0afe91ed806079eb1ff03c9450bc531f5553b5de8f4688707e,15867337,1679870,12768322339
1667211023,0xc36442b4a4522e871399cd717abdd847ab11fe88,0x9aab3f81604c683a1a0d14019fbfe15bef7aa1ee,17414058.618113,3222.348133802163827847,22649498.42587111332591521426142351,202380,202390,34,0x6a1284d8004c32057868b4c801a77ccb8febfa90194af1fe59ce6281c616425c,15867354,1757822,10547007203
1667211395,0xc36442b4a4522e871399cd717abdd847ab11fe88,0x479bc00624e58398f4cf59d78884d12fb515790a,30678603.464897,2195.596793520720899999,34240151.36787498399858162037820681,202420,202430,4,0x711e8a8dfee97b5bd69663e50f4b18c673e2ac31a7c2ae557b3db069fa4d3703,15867385,978385,9550984112
1667211479,0x55781b86fa7123710791d21079f131d251213aa6,0xeec9861ed3d849371b551899dcf43c5e3b44fcfe,41465.917644,0,41465.917644,202430,202530,543,0x2159fa9db838c9bee86830c08062ba25d09f0bad1d217faffcbfe590436d831e,15867392,1465837,10305516389
1667211899,0xc36442b4a4522e871399cd717abdd847ab11fe88,0xe58e5ed4544f58831a84c18178b911a5957ada08,17624792.386695,7492.869288648381372355,29765736.20195580746222336414585688,202400,202410,4,0x7ae772fd921fd9b818127a873568a15ebe66f53476dbbd094b70c5abe810b76a,15867427,1561066,8965242012
1667212835,0xc36442b4a4522e871399cd717abdd847ab11fe88,0x69181a03fd84d1e2679eb520dfde72c97e1ce524,17712572.721835,6238.309604698157230663,27827265.4106015430454084725775412,202390,202400,22,0xbbbd5629633047a36b4e44ed71660e451e72d8af7661c228a092ffc83451fc60,15867505,1560984,8869155110
1667213663,0xc36442b4a4522e871399cd717abdd847ab11fe88,0x78846474465c0825c41a028f3c3b5a338209509e,284.004618,0.180057999582659697,575.9484623461241899695649461640085,201480,203320,169,0xb0d68a631fc08030f1818b277608935b10747addf8bf90188e587eab4289c135,15867574,313346,9724466069
1667213807,0xc36442b4a4522e871399cd717abdd847ab11fe88,0x76e40d0a69fd81826b5eb7d18145626d46eafdef,3722065.10532,16807.83314341669194628,30974080.75800210489020552346285972,202400,202410,4,0x1fcfae864f3f02c9cea51d22e994f9070302ca52d581e75ee1a211e7f9bd6ae0,15867586,1573424,7529127651
1667215211,0xc36442b4a4522e871399cd717abdd847ab11fe88,0x22212677451381a2b5958873e8397de00d37767f,304048.38631,162.49999999950789453,568989.2549462826140749086948789097,197690,207760,220,0xbad651b7786cee274c229f76a429692ccd1c87a2c710654ad011ec7dbc3730f2,15867703,565314,34728447637
1667215367,0xc36442b4a4522e871399cd717abdd847ab11fe88,0x065e3dbafcb2c26a978720f9eb4bce6ad9d644a1,5570193.220622,16905.760548696266427731,33133435.58826600389483868879478567,202370,202380,4,0xa3c4c90ddcb939ab3cad75de53abc863f55c2ad235bbbb920c5877f8fc571ed3,15867716,1679870,35968561633
1667215379,0xc36442b4a4522e871399cd717abdd847ab11fe88,0x1a54220656fa426a20331141324260398a549314,5252354.774725,17105.889385659900430186,33141888.26793500233316138154323761,202370,202380,4,0x201a54dcb838bd47ef12ffabccd169b38e9f3296849fecb9600dbb2d891dff8e,15867717,1668732,34418096320
1667216111,0xc36442b4a4522e871399cd717abdd847ab11fe88,0x64bbde373e909501de1309231336761adeaa07d5,0,16935.516400316084106867,27563841.06388663562668026959850355,202380,202390,2,0xef1158b6c011329ce1a223cde402f8761b0fca2d6248a9f61690d5b6c5a7572d,15867778,1596000,28734770396
1667217755,0xc36442b4a4522e871399cd717abdd847ab11fe88,0x479bc00624e58398f4cf59d78884d12fb515790a,32212842.586969,1280.3454088361311,34293459.15020576227672398847469446,202410,202420,24,0x9ab296efa4afe83b195d47e2912220978dbd34230e9f7bbd4d45ede2cef75c24,15867915,823194,17184750917
1667218859,0xc36442b4a4522e871399cd717abdd847ab11fe88,0xb8122e7354e573c3a40e61da5673046303f300a7,2374.065478,1.757487838823727169,5217.997734885177282070649255544645,202330,202530,202,0xb0dcce3c0c8ee6fa8d395e05e6a44375ebc9877905b84c540bbd679f7be142ca,15868006,599090,39098663151
1667218895,0xc36442b4a4522e871399cd717abdd847ab11fe88,0x0039b625b1d8632c7a0057c964ec58a9f39789d3,30224480.62541,2767.576043478948215345,34702904.64526170408978989597753302,202430,202440,18,0x88678a6d563b6ddabdfac9b56229a4f59ea04bec24991e405218860f2c981371,15868009,851921,38404107661
1667218991,0xc36442b4a4522e871399cd717abdd847ab11fe88,0x8366c10b25b492f6b9e310e1bf04e738116a9247,18076.244417,8.999999999819275792,32639.82480093410689749726883659355,200060,205420,145,0x1eba1fa7469fd6d1c3ee4a0d4dd3f5120ea3dfa52ff67a0cbb8dcd9e7e6054eb,15868017,334029,31303290633
1667219003,0xc36442b4a4522e871399cd717abdd847ab11fe88,0xb8122e7354e573c3a40e61da5673046303f300a7,212.723927,0.135345437882014908,431.7366119147850426395451227305258,202330,202530,108,0xc0d951db6d80482976552d473cb6a79c16d70eb6767e6c5e26e0fa9141a61701,15868018,599090,31401299131
1667219507,0xc36442b4a4522e871399cd717abdd847ab11fe88,0x479bc00624e58398f4cf59d78884d12fb515790a,14136631.209898,7440.432611013180146134,26176563.5696510269781903220827322,202420,202430,14,0xdeeea8aee164c4ca5a7f17afee1e8d767efa42274c2120e769fa1623c0076b1c,15868060,823329,18411646733
1667219579,0xc36442b4a4522e871399cd717abdd847ab11fe88,0x524fdb6d78a7d1c917ec75074702ee14f56358b7,6553.324408,4.055802668757098651,13119.98726508829404693487409524542,201940,202860,194,0xaac1d8100f4527e1b3019a800fd45198b3e8616b66566f59c73fdebc5bd7f01d,15868066,531738,19564448704
1667220287,0xc36442b4a4522e871399cd717abdd847ab11fe88,0x96d311783627d8fd8583319bf5a11bbe4c372a2d,6185.016367,3.194747904606812916,11360.34894818326296577523282858012,200560,204620,211,0xe26b424c05256d8508ae8f569521995d6dba1eb24282beafbe9f556fa3b69d1d,15868124,569346,16359019978
1667220851,0xc36442b4a4522e871399cd717abdd847ab11fe88,0x524fdb6d78a7d1c917ec75074702ee14f56358b7,735.062099,0.482426527250353341,1516.56917045387412470098762520626,201940,202860,118,0xbcba59bd75000a287108d2b2afddbf74b6e4ad706006681f42917e145e61b21c,15868170,304918,19899944960
1667221127,0xc36442b4a4522e871399cd717abdd847ab11fe88,0x6046945c5b5ef5933b8e73a98a6ad7bf3e031df7,7714667.069444,16435.608709855792865804,34339538.84755739845477362523164188,202430,202440,4,0x433881f9b680b2f2e11f1f26402308714479cfbfbb09cad96c563084e2be72c4,15868193,1573576,17052743553
1667221439,0xc36442b4a4522e871399cd717abdd847ab11fe88,0xb8122e7354e573c3a40e61da5673046303f300a7,357.701853,1.811220505074086876,3289.705761848427617191974568949121,202160,202460,103,0x2a2a30114b86c630570b955bef18c98c89c3686fb8439606989fdc45246d80e1,15868219,599090,29138977396
1667221523,0xc36442b4a4522e871399cd717abdd847ab11fe88,0x524fdb6d78a7d1c917ec75074702ee14f56358b7,159.961837,0.107142924999459957,333.404813172037462716917240443614,201940,202860,301,0x1a78d08a84a8171b23811661581016ef87a5da8ffdf8b1d7242536da72bafa30,15868226,292720,24954461472
1667221535,0xc36442b4a4522e871399cd717abdd847ab11fe88,0xb8122e7354e573c3a40e61da5673046303f300a7,183.442019,0.749523515325062683,1396.770749847714421059962843722661,202160,202460,150,0x22de6151f6ff236bdeb9b972768d173fc0df910b34e1933754f1b100dd4e95e8,15868227,599090,28294853242
1667221571,0xc36442b4a4522e871399cd717abdd847ab11fe88,0xb8122e7354e573c3a40e61da5673046303f300a7,62.84921,0.248938337782800697,465.8306125385861156324166340355298,202160,202460,90,0xf0e222800d6d26db42a73132d0f2616981c369cff0f93a0e2e35bf6dd100a89e,15868230,599090,28581120653
1667221607,0xc36442b4a4522e871399cd717abdd847ab11fe88,0x479bc00624e58398f4cf59d78884d12fb515790a,33890181.326344,0,33890181.326344,202420,202430,3,0x444073ffb673d1bf46d711936e0e3c7732af9b88c9d255e832d58a818df396a7,15868233,756430,26202187473
1667221715,0xc36442b4a4522e871399cd717abdd847ab11fe88,0x479bc00624e58398f4cf59d78884d12fb515790a,7311584.285207,7633.449480555673445264,19668612.95857150580641865992890284,202410,202420,4,0xb6847d8ed38b3e52a3526549d1151401bca0d7315a50942e42404347defb2736,15868242,855684,26362556088
1667221787,0xc36442b4a4522e871399cd717abdd847ab11fe88,0x524fdb6d78a7d1c917ec75074702ee14f56358b7,48.18315,0.031857528134021089,99.75411927377037142200638946460689,201940,202860,121,0x3abe00bc0c709b3e8515eaea72f87fc8f532eb143673f38d7f38bf7356ec8fcb,15868248,284058,32595798989
1667221907,0xc36442b4a4522e871399cd717abdd847ab11fe88,0xb8122e7354e573c3a40e61da5673046303f300a7,38.049913,0.094883809288716256,191.6490026319618251596437393832032,202160,202460,72,0x584b5fcd75589d61ccf46fdd9611b4fcb95ea01fe7fd8989475aaa8960ecc5fb,15868258,599090,30953709977
1667221931,0xc36442b4a4522e871399cd717abdd847ab11fe88,0xb8122e7354e573c3a40e61da5673046303f300a7,80.121913,0.199807318171373119,403.5769142668831422343853031327798,202160,202460,72,0x39a212cec5c27ae85892e79eb2677cf7e6eb8ad122375790eeac705bfd3384a0,15868260,599090,30431740794
1667223311,0xc36442b4a4522e871399cd717abdd847ab11fe88,0xb8122e7354e573c3a40e61da5673046303f300a7,380.87318,1.577847431111579265,2930.619701095550353976321430569143,202160,202460,120,0xb9a3a8b223b7440c030f8d4b8a193eb823a40c5f0df2a2eeb0e55091ff73c44c,15868375,599090,29577117479
1667223335,0xc36442b4a4522e871399cd717abdd847ab11fe88,0xb8122e7354e573c3a40e61da5673046303f300a7,365.288412,1.256773492242325939,2396.190625018445905591266569214815,202160,202460,129,0x08ce352c3dcceb822f7a78085a417d4293c660c38f67a9ee72a5e423647cda0b,15868377,599090,32710215220
1667223695,0xc36442b4a4522e871399cd717abdd847ab11fe88,0x1a1ed7e6b0b0042fe91f7e687fe538bb50330ffc,1099.528499,1.397109649945541319,3358.227588349822381602816829676957,199360,203880,205,0x1a897832b873661282bd3acb382ebee16894ee4b7980c294aa9d25535a35b66d,15868407,382114,28015950600
1667223899,0xc36442b4a4522e871399cd717abdd847ab11fe88,0x77eb9084ce8168901bcb11f14f02a7aab36fcd0c,13277410.650298,6053.487213056966136248,23064048.41065956576169599757988385,202450,202460,60,0xfc43f52e6e46757bfadf23e91d039653b4c63785f22cc5fdab784f8443f7709a,15868423,1561320,26671092557
1667224487,0xc36442b4a4522e871399cd717abdd847ab11fe88,0xac221503406190103b8cb7d9393ae66d9c9af6a3,9464969.806886,6028.307617837743302591,19114353.92998523417730420120313556,202550,202560,4,0x1516d423d2927a4d5f5b01d6b27d3c28c0ee10c8854656f2974b2cfd2a3fcdc2,15868470,1595262,22712921830
1667224523,0xc36442b4a4522e871399cd717abdd847ab11fe88,0x479bc00624e58398f4cf59d78884d12fb515790a,2385444.276077,6398.135247596022099999,12622142.96926022256912545849406467,202560,202570,4,0xcc2d08b5c887a875da70dcdad3cbb8c21f35f92f36517d671d12a68baff5b6b8,15868473,860945,22799745424
1667225003,0xc36442b4a4522e871399cd717abdd847ab11fe88,0xd68fe83d3834bf35c6e1aa8a9d81c56249a61881,0,11171.397472699550546565,17538751.40474485670074829771323544,202700,202710,2,0x479f90338023979e65db56a01fa053d6e1b424075973ddee15c4db2d8bd0eb4f,15868513,1399634,34252628337
1667225279,0xc36442b4a4522e871399cd717abdd847ab11fe88,0x479bc00624e58398f4cf59d78884d12fb515790a,8655312.364137,522.791536712083133737,9475131.706378783415510862122059271,202740,202750,19,0x71a4f8db006941e74ad0863aa0f0adb27c9845ffff6f84e1eddf3ae99b8cd183,15868536,819698,33682618804
1667225375,0xc36442b4a4522e871399cd717abdd847ab11fe88,0x22b157d1b3078ce4087f76c5452e50b08836d285,542698.00427,372.785051217782441263,1127283.587672900402854272153976352,202380,203110,339,0x97dc090bd94f748c66f5d856d9ca2b49216cf7b7b3bd348d736b82c1da84d96f,15868544,664234,31775069181
1667225495,0xc36442b4a4522e871399cd717abdd847ab11fe88,0x328db7533203c9b9bdd21d071490b667a4030f26,17355622.913317,2754.671235870037388093,21660501.04340111334069975297405488,202770,202780,15,0x2601d38e9dc69f433690725bf0b859af3b0d34cf8f4927285d1dafba58a71b2f,15868554,1594948,30916713179
1667225723,0xc36442b4a4522e871399cd717abdd847ab11fe88,0xe2a0a79bdc6e61e51a3eae8ed288065fcccf867b,146375.838537,87.37071579029423346,282968.6579410272618817635189152798,202410,203120,82,0x46104d83b82435fa6ec8cc5c4784d1e04e9dddc193c778a947a479670f982a97,15868573,619797,30280017925
1667226059,0xc36442b4a4522e871399cd717abdd847ab11fe88,0x8567357254f12475f01b52b06c5e11f77278957c,68764.5581,26.344104347710954507,110088.9223742098138038855151659807,199590,208240,525,0x6ee981b605b19c69b1d2b631970364cc6d885acbd37c63d2448201491ebc5d21,15868601,619831,22315962940
1667226347,0xc36442b4a4522e871399cd717abdd847ab11fe88,0x042523db4f3effc33d2742022b2490258494f8b3,17081501.12811,8582.827040997798683311,30530551.52307335286120290857923479,202760,202770,20,0xd802dff968c9165f50e012a0cd62745661d6093bbad346046fc6803134fb6e92,15868625,1560592,24372411930
1667226395,0xc36442b4a4522e871399cd717abdd847ab11fe88,0xb8122e7354e573c3a40e61da5673046303f300a7,3778.759212,0.837137778540133768,5090.530743377037508692232384671227,202690,202990,211,0x1c840d588d466f8261e5425056747493c10b9b057b8aec71a37527d9e55de1de,15868629,599090,25904494432
1667226743,0x86426ad2b71f41a5d545e5e2f63c76913d93e1a5,0xaed25625f93a6494c25575e75df9634d0aa8f306,99134.793151,35.630144873183861279,154795.232265010997107503973139742,201830,204540,84,0x7d6ad450f588b4160de39f78c2727089f1df8e32d4767879641942795dbbc435,15868658,900000,31937086773
1667227019,0xc36442b4a4522e871399cd717abdd847ab11fe88,0xd68fe83d3834bf35c6e1aa8a9d81c56249a61881,16981634.560548,2795.333199151228692264,21333970.68624060128384564074763336,202830,202840,4,0x906700acbffa2e5bfb8111f9784df73f12f1a9df040046e59361ece0214472a4,15868681,1560906,26049162498
1667227211,0xc36442b4a4522e871399cd717abdd847ab11fe88,0x77eb9084ce8168901bcb11f14f02a7aab36fcd0c,6942338.008107,15295.426946429867927601,30690146.86561417120106756063476643,202810,202820,47,0xd2a3ccfb1951c30d5213b11cffce1bf168a02214ad434aa350b280bf5af70127,15868697,1563956,28847995338
1667227235,0xc36442b4a4522e871399cd717abdd847ab11fe88,0x2a6e8cacd1b315974cecf9abdd7fe122b685866c,94021.634449,95.297483921493110773,241981.3115927110434404235957687948,202700,202890,93,0x8e784e148e06458701916d8ca72edfedc74688180fbf6c144d586412edb3ed33,15868699,557606,35898018599
1667228003,0xc36442b4a4522e871399cd717abdd847ab11fe88,0x34ed08dcbb925e2a9c9f3833208880721da84333,77816.45033,83.440516959587965459,207897.4889796371295774928843318114,202670,202860,58,0x7f25e8a279199262cd79e9e9c128824909cd504756ebefc3709dd4a65744d970,15868763,523759,57859327566
1667228483,0xc36442b4a4522e871399cd717abdd847ab11fe88,0x0cac3d1a887206e0f6169222c4504301a8b4b993,16470501.46265,2448.872016543111332719,20288195.74706882339241967724494663,202800,202810,4,0x1aa5b8ce4e3b7562ea5a475d6baec8e997fb96b3dbdc1af7b58dff8885aab91a,15868803,1560908,32485641154
1667228615,0xc36442b4a4522e871399cd717abdd847ab11fe88,0x479bc00624e58398f4cf59d78884d12fb515790a,34492603.111266,486.407186325034854362,35250433.73491597988700543580275463,202830,202840,4,0x6ef5d05813ac46bb0245a28bea142ef8ae42c4d05b2aa9cff33a1a9d6eb7630d,15868814,823017,30625462233
1667228699,0xc36442b4a4522e871399cd717abdd847ab11fe88,0xe5149bd4fe90ee2751f63e59e2e513bde13c396e,11247.311243,41.966800727684531078,76632.29662601446625386416124896866,202170,202940,68,0x1c44037a7afe1747c72b4ff66132c96462f724232a20288754afa026ab0f75db,15868821,565082,30219964045
1667228699,0xc36442b4a4522e871399cd717abdd847ab11fe88,0xc4a442cfccd3fe63488974450864400e1ae31ec5,19605.566008,8.015048447366278108,32093.14705988332978988217401584016,202700,203030,146,0x3a63a12c28e88249fca4ab3fd85168d8df89b1a693be8b1cda213ed0d52bf3ff,15868821,297984,29779964045
1667228951,0xc36442b4a4522e871399cd717abdd847ab11fe88,0xacd41dec7efda46bde8e4bc512941f9216b98be8,14175.323924,96.116192645267816185,163714.8089802115797705951805301619,202300,202840,353,0xb9e819f4a2be6064aef4d989fa2a8a89f84f10a622a72669b93cb67996ff7a3a,15868842,564908,25592111600
1667228963,0xc36442b4a4522e871399cd717abdd847ab11fe88,0xe5149bd4fe90ee2751f63e59e2e513bde13c396e,899.865394,2.396535373261811986,4629.669976695193816372083482900838,202170,202940,202,0xaab9dcc383263f98be1a4a729f8e21cb2be4b33fc44ba02426d4ec52bc913db2,15868843,334022,26998909825
1667229071,0xc36442b4a4522e871399cd717abdd847ab11fe88,0x8f4daa33706d70677fd69e4e0d47e595bc820e95,10,0.006641795261117488,20.3524779161622340367020500928103,202170,203360,117,0x40979da6a3483858ed4f7eec29b99e4a4c272923acbf1a4e0c222798c1a8a4f4,15868852,561525,25561763634
1667229791,0xc36442b4a4522e871399cd717abdd847ab11fe88,0x64bbde373e909501de1309231336761adeaa07d5,16668144.084612,736.912768683929944323,17818519.57329009649873201501120212,202790,202800,4,0xc728c27b97fbdcbf89cea0f655a8b301555e0123c01ff1043e166f6fcf85ea40,15868911,1791708,22364117300
1667230151,0xc36442b4a4522e871399cd717abdd847ab11fe88,0x22212677451381a2b5958873e8397de00d37767f,144089.321531,59.956620486942607949,237927.6184086583360598709920178617,197690,211100,215,0xf05470689d648fa6e5fad2949d23dc22a031337069213d5d9859f0e9a3942c1f,15868941,565348,26046682033
1667230259,0xc36442b4a4522e871399cd717abdd847ab11fe88,0x6db8b9851a4f4ef5d9c8d654567721ebe757957f,2920.221021,1.59999999949314043,5424.386094636669765564031779698872,202240,203360,246,0x3221b20ac46515b8f496413ed1725de84f5b4da2d47418b5d12ad0dadbd2027c,15868950,561412,25000277368
1667230259,0xc36442b4a4522e871399cd717abdd847ab11fe88,0x8f4daa33706d70677fd69e4e0d47e595bc820e95,10,0,9.999999999999999999999999999999999,203020,204060,183,0xf71ec12b9165153e3b93ec4df09cfc6095df47568430a1819a0d8a5d2b622cf8,15868950,443895,25000277368
1667230343,0xc36442b4a4522e871399cd717abdd847ab11fe88,0x6ba335e5bb34bfcac7aef40628eff847b7af0851,16806695.190426,7717.308194798137794911,28885078.72169199877098590045256608,202750,202760,4,0x889ee0719e08b62d463f8c8ffa1bc90d5b78db9f17066d35a437286e4c0527a3,15868957,1561222,18736688066
1667230679,0xc36442b4a4522e871399cd717abdd847ab11fe88,0x22212677451381a2b5958873e8397de00d37767f,78989.151492,32.939615698288996547,130543.0484900000340511528421554499,197690,211100,514,0x420c5a1dba151640737dfb85826fdcc68ace8c93dace559c970212434b0c1909,15868985,326686,16906596700
1667230835,0xc36442b4a4522e871399cd717abdd847ab11fe88,0xac221503406190103b8cb7d9393ae66d9c9af6a3,4731032.10707,13990.414084612332249637,26627473.5617569773251619812402992,202760,202770,22,0x7d6d739f7c12465fa8de4ddba73a0b465a113b7cae2863ff3709f3335f499d85,15868998,1572950,18030740323
1667231159,0xc36442b4a4522e871399cd717abdd847ab11fe88,0x22212677451381a2b5958873e8397de00d37767f,66523.502566,50.958458496689734651,146278.747574874336653566646036266,186450,215230,515,0x639d65278d94db41203eff0897caa9366ee27e91278bc505b92c309b20756551,15869025,619831,19593492375
1667231399,0xc36442b4a4522e871399cd717abdd847ab11fe88,0x479bc00624e58398f4cf59d78884d12fb515790a,6868712.96635,6803.006729806105799997,17515822.69920480908333379427732769,202740,202750,22,0x2a1db2379c427e5b0fa0ea6da1574ee0b45c99e98b99afd58cd9e3514bb93eb0,15869045,861370,34399996107
1667231783,0xc36442b4a4522e871399cd717abdd847ab11fe88,0xbbad96336943a36e3e292d973b3382dd0ba4d1ef,12108266.080596,14362.010915234992329713,34713820.7876069274396835358851601,202690,202700,15,0x63b0772b49a939c06a03e550a71ad0ba3b4931a1b0ab7521bc5216209447166c,15869077,1573640,28266870099
1667233439,0xc36442b4a4522e871399cd717abdd847ab11fe88,0x5c9a5047ce1ca8ba480401a20a85a6e71826365d,3455.884743,3.249999999907391369,8585.589322853792828200797962157558,201920,203190,393,0x772a653dd90cbadaf42a87e1df8202e70002960928b79cbaa1da2e1a9eb4647d,15869214,622753,21641680979
1667233607,0xc36442b4a4522e871399cd717abdd847ab11fe88,0xb136f3756028dc75de4dd24bdc0c2f0270e18b3c,33969.145347,56.603652072657664901,123310.6878952573706087809216570169,191400,206280,67,0x68b159ba652d4edd2fab69b81114a8b587d825c53e540a5869394d666f65d1bd,15869228,435668,20154775292
1667233679,0xc36442b4a4522e871399cd717abdd847ab11fe88,0x2a6e8cacd1b315974cecf9abdd7fe122b685866c,113431.962383,60.996602345576045501,209707.2086650116804257925505711151,202610,202800,62,0x4945d390204856a8e62a57149553c1223f2b86547cb3a9881182966b9acbd035,15869234,523657,24093113428
1667233679,0xc36442b4a4522e871399cd717abdd847ab11fe88,0xc4a442cfccd3fe63488974450864400e1ae31ec5,17432.56758,9.220655670834252981,31986.17977239418586184305753981548,202470,202970,377,0xd7a6c169c4d420642a4a750c8806827742cecf47334fe889075be878bff2bf05,15869234,561691,19298696983
1667233811,0xc36442b4a4522e871399cd717abdd847ab11fe88,0x2a6e8cacd1b315974cecf9abdd7fe122b685866c,10214.369078,4.981815572771534681,18064.4569169543497147362780033284,202610,202800,86,0xb1f132d1b960ad9472e4edc7549be4e1069a42d017b898959967ff300b814ce6,15869245,333950,24468666244
1667234135,0xc36442b4a4522e871399cd717abdd847ab11fe88,0x34ed08dcbb925e2a9c9f3833208880721da84333,100000,100.664425302623454052,257991.2826959197311672335741282729,202640,202830,21,0x34e49b62ceae7a3a04eceed1a5f89516926c2e26c3c16f0f96410334adca87b1,15869271,561940,27665838378
1667234291,0xc36442b4a4522e871399cd717abdd847ab11fe88,0x0fc7cb62247151faf5e7a948471308145f020d2e,12889811.581335,1538.741886848727822894,15304836.65090399977485407220478714,202750,202760,4,0x818068e53fec3b81abdd874567101e1de23a8cff5b7326f0e7f6090ee49aab66,15869284,1595378,22645721577
1667234315,0xc36442b4a4522e871399cd717abdd847ab11fe88,0x479bc00624e58398f4cf59d78884d12fb515790a,26804068.927307,6770.07665638533,37429570.83104622392150257541413438,202750,202760,4,0x5d1294911f44cfbf560f5d51cc30f58625fed8cccf22d0cc5d060a03960e3af7,15869286,851905,23439225716
1667235407,0xc36442b4a4522e871399cd717abdd847ab11fe88,0xbbad96336943a36e3e292d973b3382dd0ba4d1ef,3039187.856862,16744.255610319847151821,29172527.13039427840226175392784712,202760,202770,38,0xf216a1457103779c7704b5f47a659a6ed518f35291c47be0fb25590c1579cc59,15869377,1563760,18141152630
1667235455,0xc36442b4a4522e871399cd717abdd847ab11fe88,0x05114882a9a702d7121c918a555ae12ecfc9915a,60512.105319,36.39999999976442881,117322.8451744128927726868668808919,202140,203450,408,0x7055262a7bed7c8edcfcaa64b9b6dc1d7594a6ff685b599803c1b55e1bfbda2d,15869381,619866,18212833668
1667235491,0xc36442b4a4522e871399cd717abdd847ab11fe88,0xa5f74ae4b22a792f18c42ec49a85cf560f16559f,10000,0,10000,202830,203020,150,0xabec7737a53d93b9b16b23f3dadc25f57feb0b8961860fef4aa60a803c0e2b3d,15869384,485534,19464339093
1667235887,0xc36442b4a4522e871399cd717abdd847ab11fe88,0x3e13ee5fa763201e18b2cdb0f71f3fd837e5f152,3043.99593,1.999999999489595192,6168.047795729549849484430047763043,201700,203820,188,0x2879a74d3fb1cc97c1c414064dab6cb9f0cf8e66950ce8e8aa0349c5fb23b6dd,15869416,569250,28187359330
1667235995,0xc36442b4a4522e871399cd717abdd847ab11fe88,0x479bc00624e58398f4cf59d78884d12fb515790a,31897790.803663,3947.805162041032,38064364.84624224146405300621742825,202790,202800,4,0xaaf72afcf64fe483ec5f77c8cfad2d918acf6cf6aa5babac956329346b94aecb,15869425,984777,25344489289
1667236019,0xc36442b4a4522e871399cd717abdd847ab11fe88,0x20179a5dc41958e93207ed6f0aa82c61e993a26a,152.94554,0.042021732398036301,218.5845757663878282352310292238376,201360,206290,82,0x6b21e050e9ae02d70231805c4bb95cd97f36e316de8671d43795b2dac6079fd2,15869427,506100,25919600794
1667237783,0xc36442b4a4522e871399cd717abdd847ab11fe88,0x52e739525eff9c04c495f3f5e304839b814a5de8,1858.947089,1.146440503194024634,3652.753913464756783130010791101226,202060,203450,215,0x2d4206bd6ddaac4d22bfc673674a67a8d65b4475f6c46115274ee643f3a20d74,15869574,564991,34557622945
1667238359,0xc36442b4a4522e871399cd717abdd847ab11fe88,0x0801be00fef56147ab7e719af9fcf39d39609148,169133.147536,108.251000111035787432,338629.0632492284440464543500075523,202140,203360,392,0x9c6c2fa6e81ceb0fb99452f979c270f6aad1f654b761393c8b6ae77cf828d8e2,15869622,565334,26569945245
1667238755,0xc36442b4a4522e871399cd717abdd847ab11fe88,0x479bc00624e58398f4cf59d78884d12fb515790a,889121.486162,11074.164339568425999999,18215271.43634785330548567050849266,202780,202790,4,0x150aa45c40b05f44972a01009cd1c2cae57e54622b577e217d35ca758d710430,15869655,945598,106041132252
1667240267,0xc36442b4a4522e871399cd717abdd847ab11fe88,0x8d6154ac6e171a458c89971a71d737e4d3a6b19b,11923.276907,242.999999988219096702,392066.0514549604562331002732533268,199060,202870,65,0x92ae14b9e0bb25e1e40cd918314e54b9c1d8cd5e21a6fdb40b1b4fed89bb7417,15869780,671505,45603562267
1667240339,0xc36442b4a4522e871399cd717abdd847ab11fe88,0x3de73c35ca589693bb5084b9b5bb98d8f1adefa9,10,0.005177538375703721,18.09960412989289566495226142032471,202640,202910,118,0xd79804904cab5648b672b406874051940fb1426628a7891de5b126ceca06d8ff,15869786,619314,44787534394
1667240615,0xc36442b4a4522e871399cd717abdd847ab11fe88,0x7d543ba5314f0a46de2c2d2cb52c61bc2f9f3619,608677.87854,286.498230725488029886,1056901.9397104887429432820428483,202640,202910,282,0x8d2e5df2ea77584ed7efd56a4022b966ba1925481f1d8ee19a42078e894fd4ab,15869808,327599,39698765014
1667241083,0xc36442b4a4522e871399cd717abdd847ab11fe88,0x992e56ef93ad82314ccf95fb0f3f536a46fd5538,174.766023,0.026258633556101251,215.8474333231957280729959341234713,202240,205010,133,0xb937f619cef70b20bf5612836c3acb7de85bcf448b65e112c1deae86afa94128,15869846,548506,34504374337
1667241851,0xc36442b4a4522e871399cd717abdd847ab11fe88,0x9cbf099ff424979439dfba03f00b5961784c06ce,287583.92036,462.326996427020157059,1013536.631848458160586094744806739,201700,203100,58,0xb621412e64f2550b1a42df2d5c830ab815e101e05928aebe4e845b9256bbb342,15869910,471342,29000000000
1667242115,0xc36442b4a4522e871399cd717abdd847ab11fe88,0x1ceeb17e12e3ef0ea4b3e7c3988b1830991b3ca9,53604.835327,43.584676612578290938,122042.1212803428003720984265560546,202550,202850,83,0x3d209695bec8b005456ac3332c92c8f8f012f20ba4f44ddb594fefb528aa97e5,15869932,599090,26574947474
1667242127,0xc36442b4a4522e871399cd717abdd847ab11fe88,0x1ceeb17e12e3ef0ea4b3e7c3988b1830991b3ca9,74.538193,0.067949534634106169,181.2335293790440344225805099359103,202550,202850,145,0xc582827a72844326b604d3ca75f6f3ad3201a6aeaf52288c227ad92d0b53393a,15869933,599090,26254611805
1667242547,0xc36442b4a4522e871399cd717abdd847ab11fe88,0xcb470dd050d929cb4dbf42f9dfe465e905d8453e,20534,10.138392872566214902,36453.46540251744043056230377197887,200440,205680,327,0xe6844bf4be487fd185629ff4b7b65b99248e0f4e420d7023b0a340742978fe80,15869968,565020,24000000000
1667242571,0xc36442b4a4522e871399cd717abdd847ab11fe88,0xafdc6373e653fcbd4583f41e2a5742cfcb5effc7,2933720.231046,17324.967449470263743534,30137659.09771684072041771278439121,202700,202710,33,0x33013ecd65c1f8e6d1356972d734c42f0436b400da80cadd9d91306b13cd9a6e,15869970,1607996,26839135596
1667243099,0xc36442b4a4522e871399cd717abdd847ab11fe88,0xc9aefb79d7c8bd2a38089caee1b4c80c25d5641c,61024.298898,1.99861336221011414,64162.56943428615710074502200690318,202220,217150,164,0x0ee201c8beca35fce59e311c3300942546a663b0c81e9c04d230a2ad1341f322,15870013,615606,32619826814
1667243639,0xc36442b4a4522e871399cd717abdd847ab11fe88,0x3bd195c758adafbf092666e1a410fd67b8c14a4f,11151.51447,15.97849294059577503,36187.20313036661802409637606035243,201650,203250,144,0xfe8c491d2235ee7ab57abbb7bb729e663ee0c0f7659213da362a619bfc448a43,15870058,875498,21560380231
1667243903,0xc36442b4a4522e871399cd717abdd847ab11fe88,0x1a54220656fa426a20331141324260398a549314,13259805.800185,4288.436209816979262012,19974904.44035947569437676861646272,202780,202790,24,0xf375a69f614616145c379cb55d3374597d9dbcf18ac91aab56890080e4d1cd1b,15870080,1667496,16929807966
1667244203,0xc36442b4a4522e871399cd717abdd847ab11fe88,0x6046945c5b5ef5933b8e73a98a6ad7bf3e031df7,13450822.462597,3261.562499460699664994,18557978.73901210935437835019852981,202760,202770,32,0x3ac4ca4935c9375e0f71d26d426dac6aca06be4a6c3f0d8c60e04015999942ea,15870105,1560592,18678117829
1667244335,0xc36442b4a4522e871399cd717abdd847ab11fe88,0xaea5fba08f28a63093b1ae52ceaec6ef910ab6c4,2970.460982,1.851458037273645828,5869.588482130627637038456837259398,202330,203230,56,0x04df67478693198f04aad8ec94809073c4634e3c0494be3e9fd83c731f3f06a8,15870116,800000,21000000000
1667244839,0xc36442b4a4522e871399cd717abdd847ab11fe88,0xd730cd62cda9cfdc109be2d819b0337fafdca959,1633869.655977,0,1633869.655977,202770,202820,51,0x4809ceac072447922876d2aceb4232a493a53ade13315aa05f3ea0cb360ba89a,15870157,485250,25860000000
1667245019,0xc36442b4a4522e871399cd717abdd847ab11fe88,0x4a2c544fc56cc7e024a336ecb829e39b91d28f51,2314332.28221,0,2314332.28221,202760,202810,42,0x88f58bf66874c5fb973402fe393add8b3491ff6a6ef9c9d770203efbe177a7d3,15870172,444847,28420000000
1667246615,0xc36442b4a4522e871399cd717abdd847ab11fe88,0x8320ea519358c57d08182007ae56a7bd46e375ba,15389.321869,8.799999999907217677,29151.73393245569845708861586715509,201800,203910,196,0xe0a5a0f0346a8d7fb3721243cbd21205675bf27576077f31f1c133c1faac316f,15870305,557107,27251683614
1667246699,0xc36442b4a4522e871399cd717abdd847ab11fe88,0x3dc606ce9cca12196917a3267a8ae7008e018958,34025.445161,3.405758763340450428,39349.75838666690839182872429083877,201820,210120,240,0x15fb0e03466667fde59f756adb06c2a20b74b54d463382133456cb3ce7202de5,15870312,569578,26691917625
1667247035,0xc36442b4a4522e871399cd717abdd847ab11fe88,0x8e2400a8822fe2da5a8c52b7f7b412acb49813c8,0,17281.520051479572623679,27016390.69900256843410272287544334,202750,202760,2,0x7dbcb7ecac63a47d8a4105b3955b881ddf3b292ed31746df50e71de5dae2dc48,15870340,1403400,27626805299
1667247143,0xc36442b4a4522e871399cd717abdd847ab11fe88,0x60b86af869f23aeb552fb7f3cabd11b829f6ab2f,11316224.6446,8788.485138816202712794,25055360.29096394970996754513114469,202760,202770,22,0x8ff79c33a54d36ca1461efd88ffcfb4c814a06bbc0bb37570d6b34f8d4266b00,15870349,1594912,25068812006
1667247143,0xc36442b4a4522e871399cd717abdd847ab11fe88,0xa5a13f62ce1113838e0d9b4559b8caf5f76463c0,11441653.019212,8708.414816100604137183,25055613.84788422552611767235596112,202760,202770,45,0xf6b92d1544acc7b90aead067f65e9460b79463f8511a70c4034600c931b7b1d3,15870349,1594912,25068812006
1667249243,0xc36442b4a4522e871399cd717abdd847ab11fe88,0x5b85b47670778b204041d6457db8b5f5d36fa97a,0,30.769999999999999972,48150.75116950967850192453348122322,202700,202730,268,0x333dc0a9d691011eb10d1877a163c1c3c342179296b30017950e1d5e0c70af41,15870521,456495,24208015594
1667249663,0xc36442b4a4522e871399cd717abdd847ab11fe88,0xa1a571a541a19b92798b6314b52057c367c45163,11059.162385,7.088071562164897242,22151.24809520232346621038744303305,202420,203070,234,0xc6489df964f42356f6a87d1ef9cefff9dd7bd5390ef5504964f8d593b0820c8b,15870556,565053,25790622420
1667251091,0xc36442b4a4522e871399cd717abdd847ab11fe88,0x042523db4f3effc33d2742022b2490258494f8b3,11417489.062397,1828.220764496286469032,14278492.89859244065123043415942041,202780,202790,34,0x0e747a22f706eb5d5f979ad167f7bc7e0805f51ffccc25a6e8607ab81616cba4,15870671,1667554,26834140737
1667251523,0xc36442b4a4522e871399cd717abdd847ab11fe88,0x479bc00624e58398f4cf59d78884d12fb515790a,3195551.905852,11261.963197169294,20819528.47143414147750717594732702,202780,202790,4,0x077e8e5f5b54e699f6651d8527e1b78878efb33da29b344e6b5cdbc3516e269a,15870707,907834,24025783343
1667251535,0xc36442b4a4522e871399cd717abdd847ab11fe88,0xcf58eac3c7d16796aea617a7e2461c99cacdff1d,580097.056991,0,580097.056991,202790,203050,14,0x3f3cb2b94cee6177cb09ba6483bb018e3b167b771b09b4258b2e01639e4998b2,15870708,539490,24829827276
1667252039,0xc36442b4a4522e871399cd717abdd847ab11fe88,0x5b85b47670778b204041d6457db8b5f5d36fa97a,0,30.769999999999999986,48118.26461843550152102786319840419,202740,202790,334,0xaac983c73aba80ba7718f79ec3b7f1a4a9697ec103d3b8240def192a40939a4f,15870750,498085,22632043081
1667252723,0xc36442b4a4522e871399cd717abdd847ab11fe88,0xfb9779477e5b4834bf2bc02dd29b97b344d0f700,18459300.610411,2419.987285059980072359,22243687.62879791671498440943239779,202770,202780,51,0x853f97f5ce4e5538a3a5279bad4ce9dfa812d8561853b3429c268e31db4bf3fe,15870807,1560748,17794450341
1667253011,0xc36442b4a4522e871399cd717abdd847ab11fe88,0xf159b2953fc3f8c860eff6ccf338a3f50ac5e7fd,946.769474,0.65817332374652949,1976.023882736780131847959842950444,202760,202800,313,0x4cd1fafd9f037422641572dbccb02af8d680b7434eac8ad2e2ed6af085339e3c,15870831,564565,18784359148
1667254007,0xc36442b4a4522e871399cd717abdd847ab11fe88,0x479bc00624e58398f4cf59d78884d12fb515790a,81892.096793,7466.434386890170599995,11694057.48988780163291185227273069,202800,202810,4,0xaabd8a7e878bd1c49c40cc6b59c809a017d4141d14102a5493d860af7736b52b,15870914,860765,19365813890
1667254247,0xc36442b4a4522e871399cd717abdd847ab11fe88,0x6046945c5b5ef5933b8e73a98a6ad7bf3e031df7,3302509.330337,12647.736427967747683635,22972890.08232042048377429334255924,202820,202830,21,0x2b1d5bd611535845bf796970e4e3077ebc3e4c606dc91f9a2b8068cc36628d64,15870934,1573204,16314522574
1667254619,0xc36442b4a4522e871399cd717abdd847ab11fe88,0xafdc6373e653fcbd4583f41e2a5742cfcb5effc7,0,14287.906322961145694106,22292751.0627565789071418490980456,202760,202770,15,0x551042520a15c751674427b15c3659267abe8826e289d7b9f85fb7af24022c85,15870965,1398832,14884609322
1667254703,0xc36442b4a4522e871399cd717abdd847ab11fe88,0xf159b2953fc3f8c860eff6ccf338a3f50ac5e7fd,1025,0.557609024377220676,1895.644263882773682309265484761693,201690,204030,237,0x3eba7b112f9dd74dbb83549bcb81f92246f9fb16d00733747c4e0e1819dcc7b1,15870972,564955,16581159741
1667254931,0xc36442b4a4522e871399cd717abdd847ab11fe88,0x7d543ba5314f0a46de2c2d2cb52c61bc2f9f3619,689803.283074,336.409360583741128022,1216083.798919089336944285465027719,202080,203630,227,0x4d578fe3efc68d12a15e208a9f3a0b80bafcca60f418a8e64ccde215cce7c955,15870991,303860,18674630540
1667255567,0xc36442b4a4522e871399cd717abdd847ab11fe88,0x60b86af869f23aeb552fb7f3cabd11b829f6ab2f,3125326.049553,14296.145295412310255157,25509293.73506536238289424194494144,202750,202760,4,0xd9231f170a0f8c9d5b8831b6303422a006a40a5d209dfad4539219495bfd2f00,15871044,1598470,15113207193
1667255759,0xc36442b4a4522e871399cd717abdd847ab11fe88,0x5b85b47670778b204041d6457db8b5f5d36fa97a,94.097568,0.212470561485282535,426.7700530743808499120060977507003,202740,202790,227,0x82a4619efdc1cbd21a959b613d25241b8cc24ccccec6a034c0300eee6437c86f,15871060,333801,17511593303
1667256803,0xc36442b4a4522e871399cd717abdd847ab11fe88,0x479bc00624e58398f4cf59d78884d12fb515790a,7399763.190157,9178.970661352719999999,21765540.6600825526640354432162452,202750,202760,4,0xaf17920ff0ad489dcb4f38974871cc67fb45fd4108f780b9d71da545a8583ae6,15871147,828533,14096402233
1667257439,0xc36442b4a4522e871399cd717abdd847ab11fe88,0x5b85b47670778b204041d6457db8b5f5d36fa97a,199.797568,0.032614701778151436,250.841934843226960501146036400492,202740,202790,207,0xd89fcf66d93a451b4ad7b89ef9c72564c282b7892bd35760c7bc08420600beb2,15871200,333799,30764958107
1667257547,0xc36442b4a4522e871399cd717abdd847ab11fe88,0xfe55c033617ab8c7f8f6b8178a305e956a2c62ee,268762.813511,155.99999999979649126,512914.0947858566279399226458228945,202240,203320,42,0x83d1d8ec07616d8bb4f45e3efc6c48f06ef90edabddbd94ff9ec010240fa38d5,15871209,704641,29424548225
1667257871,0xc36442b4a4522e871399cd717abdd847ab11fe88,0xb8122e7354e573c3a40e61da5673046303f300a7,95.60471,0.017976550507202253,123.7393115335982659470891989272317,202690,202990,321,0x2d2e3323f39f4882ad5135210262569884f4b656bbee33baa2051ac82940b7af,15871236,305164,19384618045
1667258207,0xc36442b4a4522e871399cd717abdd847ab11fe88,0xc32053db3de17c5e6845d35dbd4ebb860fe265d9,4486.546653,2.466654081724460592,8347.038669126074420729691292450957,202670,202860,37,0xb4c5c81899c5345f0dc682b5842380b68e84517b6cbb9673c39723035faa5531,15871264,484658,17250000000
1667258411,0xc36442b4a4522e871399cd717abdd847ab11fe88,0x5fe1eddb81a6e2ad3c10391c74c4f3e55c30f6f9,56090.56412,9.077255982598175496,70297.12616239803452228598910092368,202030,205680,406,0x23a5745bdcd4d94e7c683a9aef2bf25d9ca6ca0660389bc4f742b30a07e488b0,15871281,561974,16615266822
1667258471,0xc36442b4a4522e871399cd717abdd847ab11fe88,0x1ceeb17e12e3ef0ea4b3e7c3988b1830991b3ca9,67.997833,0.078207633126197946,190.3984659958089039361808000601929,202550,202850,72,0xbec1fcad63c0c3efcb5cb395a926824d21fada99ffdfa80430ab4ca377a28345,15871286,599090,16937793861
1667258591,0xc36442b4a4522e871399cd717abdd847ab11fe88,0x065e3dbafcb2c26a978720f9eb4bce6ad9d644a1,18002420.51204,5236.322596426554213232,26197646.15374491133130127034206646,202740,202750,4,0x01b442b0f63738d1ed221bd8840ae31011ab12d7b318ed20ed87f2a23028aae3,15871296,1561692,14956797540
1667259191,0xc36442b4a4522e871399cd717abdd847ab11fe88,0xccd6ffb968ae56313d1941d943367123318ed812,21598.053264,6.49999999986141606,31771.01339029512557826884916014928,202230,203840,245,0xff07a10e8b353ed4c029bca7bf75a28cdd665ce0860f933063ad0b3556d823d2,15871346,564986,14604089156
1667259239,0xc36442b4a4522e871399cd717abdd847ab11fe88,0x858c4dcefa523567e1a86f66b7079112b97f27e5,22038.525598,23.999999998977551406,59600.22452505955897398608500989318,196250,206290,215,0x6e33e8deaa62228c1bdd17bc2f3683e55f0ac8cfd28eabd4eb0c7a291b85af19,15871350,326504,14270817156
1667259575,0xc36442b4a4522e871399cd717abdd847ab11fe88,0x8e90f49132d2f345842580f5fde10775e20abcf1,146222.676344,27.863759078805124362,189832.4929914271420425169634654184,202180,204700,197,0xa9166347258f9670b6ddc112afeeafa28c7bef36c61665fdab01558b8b3175cb,15871378,648459,15000000000
1667260091,0xc36442b4a4522e871399cd717abdd847ab11fe88,0x4f01339b3094365f857543721740c7e8fd2ace81,23495.474961,23.165266183023534797,59903.55908263353023835668791059616,173230,216410,461,0xb14ff04165cb3983e5b1703cbabeea52dcc3257c95d520bae78855cf72a7f130,15871421,565450,34737738937
1667261195,0xc36442b4a4522e871399cd717abdd847ab11fe88,0xcf58eac3c7d16796aea617a7e2461c99cacdff1d,580265.999312,0,580265.999312,202740,203050,199,0xf9230b508e34724784fa23ba08c6a3485a4fdc541d49b23b67bf0b1848fe659e,15871512,485456,18771856072
1667261603,0xc36442b4a4522e871399cd717abdd847ab11fe88,0x042523db4f3effc33d2742022b2490258494f8b3,15897135.823697,14641.549303347887980826,38924123.94589751639320478781429188,202690,202700,23,0x297cd76449663b7fb49cbfcbca495d5cb32bd946fcca2861f6db8640d4b016a6,15871546,1573640,15631341760
1667261639,0xc36442b4a4522e871399cd717abdd847ab11fe88,0x479bc00624e58398f4cf59d78884d12fb515790a,3757458.234252,9478.521392098820590135,18664473.53638099176876854423238032,202690,202700,4,0x27511ff4d89b1aeb9c008db03a0861fb2e79af55bdf60544edcad7246c1dcd3f,15871549,823273,16522541267
1667261711,0xc36442b4a4522e871399cd717abdd847ab11fe88,0x364d5077c4c6bce6280705fe657fc4c55fdac363,2236704.875686,338.191274359600953332,2768583.456044276517714111619862996,202620,203080,94,0x15549593ba00b6fe3ba04aee8176e0f94407f27c728944c8721f122cc4dd5b00,15871555,562077,21250000000
1667261999,0xc36442b4a4522e871399cd717abdd847ab11fe88,0x364d5077c4c6bce6280705fe657fc4c55fdac363,310884.224483,0,310884.224483,202720,202890,50,0x42406bc96afe955455346964ba220ea5466fb8328693edc75fbac113b2bb8a91,15871579,485959,15400000000
1667262323,0xc36442b4a4522e871399cd717abdd847ab11fe88,0x71c409c2c911e8cafd85f427496dff39f1fc4b14,0,3.409999999999997951,5362.959060538021583418943586916992,198080,201360,324,0xd63427b5fe49e2cc8b5e03b4a7c98bc47c15f560336b37c74c8b0f18996d92f7,15871606,455546,13871653770
1667262743,0xc36442b4a4522e871399cd717abdd847ab11fe88,0xff82bf5238637b7e5e345888bab9cd99f5ebe331,18248485.217616,12549.213768421949824227,37984883.26214101932347954789161077,202730,202740,4,0x396ebb6e8f49cd3f4bfeb6017f49a1c059e2e8c4662871cbcd9532fea8e1c0ec,15871641,1561454,15231077425
1667263379,0xc36442b4a4522e871399cd717abdd847ab11fe88,0xb882c63a0c8f96c97fc68b60b390e7baaef18f39,203.686119,4.673495188223422294,7553.94077122718995056259767953394,202350,202720,153,0x2df1cdfc712282b952c072098c6afd2692b0a3bc56c5d5bca67d5a69a3bb3f3d,15871694,564952,15175767795
1667263463,0xc36442b4a4522e871399cd717abdd847ab11fe88,0x3de73c35ca589693bb5084b9b5bb98d8f1adefa9,70280.300658,15.744902555993257461,95043.14700748909309314252056752991,202640,202910,95,0xb40ea3cb0639ee5553b9fcd78785e5f5b9af94b6d2feb18a4ad60d521aec7372,15871701,349882,15617078585
1667263751,0xc36442b4a4522e871399cd717abdd847ab11fe88,0x5f773c30ff7534726d9e21917a8cf9cc516f47a8,41.494384,0.016717445728624484,67.78680076546760289125472454487726,196260,214170,110,0xb06e45c34e72605312b082e65c70aff7ac372597a239cda0dffc9827b6d7993c,15871725,285310,13453230182
1667264183,0xc36442b4a4522e871399cd717abdd847ab11fe88,0xcab044421c8d9440b052430bd522895863e651b9,100,0.0444267583006276,169.8723276115524500930498596333761,200310,206290,252,0xa369cc78b04cc6857ab23ff4435b852988de74433c1a06d7dc4464fa86709df6,15871761,305150,12810986671
1667264435,0xc36442b4a4522e871399cd717abdd847ab11fe88,0x479bc00624e58398f4cf59d78884d12fb515790a,34651625.529921,902.568836529155426614,36071143.06200613595496212082005319,202730,202740,4,0xfa4a50464cf83ceaf6c20d22e1efb573977b0d8989dc85deebf4c7f4852b3c9f,15871782,855857,20490738677
1667264903,0xc36442b4a4522e871399cd717abdd847ab11fe88,0x479bc00624e58398f4cf59d78884d12fb515790a,299723.078308,9349.845176128466799995,15004716.88336196403296707474728885,202720,202730,4,0xeb050f8bc0ea374adebf8be8db10258ae3e3a7391fd477efaf0231ea36d191ef,15871821,861107,13583223687
1667265527,0xc36442b4a4522e871399cd717abdd847ab11fe88,0x6ba335e5bb34bfcac7aef40628eff847b7af0851,8446023.074393,14838.213874917544992698,31782863.31061578049569805155331244,202710,202720,4,0x50a569beb91ebdf7a8134ba80b21d038b97e98c3fa497e61379784bd4a0fcb6a,15871873,1575432,11598531642
1667265599,0xc36442b4a4522e871399cd717abdd847ab11fe88,0x042523db4f3effc33d2742022b2490258494f8b3,17847788.922896,12295.142481565237830839,37185006.87868436801569549472490713,202710,202720,4,0x6cfd41d81bfb3a8454298e7cdee13e8edfa9fd1e2693f1cabb9ae42a4826fa15,15871879,1561298,11703333756
1667265827,0xc36442b4a4522e871399cd717abdd847ab11fe88,0x1c8f6a5f009e051cab9c3851ca2da2c936b2775a,4733856.04069,15267.004255964208535147,28774566.9598326271100133161923725,202670,202680,11,0x1702db67b2cf41a79df8ff7b0b0c05df56c397d0e0655a05d291ceb882c29607,15871898,1680340,13716481936
1667266055,0xc36442b4a4522e871399cd717abdd847ab11fe88,0xa5a13f62ce1113838e0d9b4559b8caf5f76463c0,21834260.145478,0,21834260.145478,202670,202680,2,0xba0995241e2a76fb520600ec30725a93a84836b4b3d1378a1710cc968163b33c,15871917,1549624,10279490088
1667266115,0xc36442b4a4522e871399cd717abdd847ab11fe88,0xb8122e7354e573c3a40e61da5673046303f300a7,2571.192761,1.415995391974049425,4803.909373875825007708634595482936,202570,202770,156,0xad5f2081a4e1c35d13249305a4f4935708d3a80ff6c81a95a18ab0963f3d77ea,15871922,599090,12772657205
1667266151,0xc36442b4a4522e871399cd717abdd847ab11fe88,0x23aa7d76cd8ac4ee5fc82817a6fca2b13a0dcecb,243164.632696,146.708792147867407882,474492.818118183681520026483500249,200820,204600,149,0x527f91ff00cdf44c76d972895f3eb2a6fc7a86c2c12ca3fb6755b0b2a0aecc99,15871925,569658,11747914577
1667266211,0xc36442b4a4522e871399cd717abdd847ab11fe88,0xb8122e7354e573c3a40e61da5673046303f300a7,192.167983,0.106882993140014185,360.7001977527724987050508624944198,202570,202770,104,0x215e32d44b3902514289c8da0258f9b653268596bda6f70e6c78482bb26573a3,15871930,599090,13053666757
1667266283,0xc36442b4a4522e871399cd717abdd847ab11fe88,0xab7f9f687c035825ab5bb338a942b39ef6faf0c0,78773,47.48161012836052582,153708.0434007746972308573767234586,201820,203530,426,0xbb4cf56c75f615a547c03219fecd8f7716a6f24c0b476e66800c8e902786def6,15871936,523657,10511666897
1667266475,0xc36442b4a4522e871399cd717abdd847ab11fe88,0xb43984074fff6e0af7fd717bba78fa31bc69b65e,21610755.902733,1088.58417939423358987,23329497.13853254013104719201864064,202650,202660,21,0x06d21676dd72cfef81d074ac55b916a30833626bc75b418525827d75226f267a,15871952,1595520,9779217939
1667266799,0xc36442b4a4522e871399cd717abdd847ab11fe88,0xb8122e7354e573c3a40e61da5673046303f300a7,27.256758,0.012481840065644666,46.96416625376302135760612947595327,202570,202770,171,0x4570687c0c6f1656d070afd667d8578f5b165e00655af685e9f818b596eb68a6,15871978,276392,13030213546
1667267303,0xc36442b4a4522e871399cd717abdd847ab11fe88,0xd68fe83d3834bf35c6e1aa8a9d81c56249a61881,10955794.145407,15682.940606964038770572,35717376.6953749958604250018000681,202660,202670,63,0x10ce94cfe4e87795fc014dd972711b861d9a4b50861dba8e708635aaffdf4e3a,15872019,1564528,10387411468
1667267339,0xc36442b4a4522e871399cd717abdd847ab11fe88,0xafdc6373e653fcbd4583f41e2a5742cfcb5effc7,11018731.450833,15642.801431241111782589,35716938.79980651013470827882803946,202660,202670,4,0xc0f44b12b2babc6a3209d4df2d7a7a0b39c13f4976a4a4f366f0afe5ff988589,15872022,1568094,9890501996
1667267375,0xc36442b4a4522e871399cd717abdd847ab11fe88,0x6e2b1a7fc2027eae29cb264b5372db328e098200,2525.032013,1.999897687828336891,5682.643390209562414441793970754503,200190,204620,61,0xc9943e6bc111840bb0324f31bb3f07e1a7bcdd0267e3489dd4dbb278b9e3b58e,15872025,668953,12086842331
1667268431,0xc36442b4a4522e871399cd717abdd847ab11fe88,0x26bce6ecb5b10138e4bf14ac0ffcc8727fef3b2e,21516220.506007,3623.184422336369635527,27236813.84214922504584944653033953,202660,202670,4,0xc4eedf7d9b9ecc0a5654b7f84b2e4bdbf6f06b12aaf85fd2ae3b099f06c6b6bc,15872113,1561298,9509704146
1667269631,0xc36442b4a4522e871399cd717abdd847ab11fe88,0x479bc00624e58398f4cf59d78884d12fb515790a,482334.957724,9671.122622364080736567,15751457.71864447094755427155369506,202650,202660,4,0x6891bb209b79648be00f5af9f34a11004e84edbd3cfc70c8cb8b7cc799745683,15872211,819402,9133978018
1667269679,0xc36442b4a4522e871399cd717abdd847ab11fe88,0xa5a13f62ce1113838e0d9b4559b8caf5f76463c0,1047848.772297,15805.347691812360112012,26001746.45081785691600846856631454,202650,202660,5,0x4d378f4d16ec385f435d36232b2b989ee8071a030db1e14f8cd289f2ca24ed73,15872215,1568064,8506439485
1667269691,0xc36442b4a4522e871399cd717abdd847ab11fe88,0xae496979cfd3c21061250d6af9f571c6e0c1a363,23,0.010220167496246568,39.13586862697087223531153059383291,202610,202730,135,0x485dc4f611f974f8cefdc197d7841a8977c5de7dedb9949ccaf4c3b339159b0e,15872216,544104,10342992297
1667269739,0xc36442b4a4522e871399cd717abdd847ab11fe88,0x36a454aef52938c8637cd4689b2980c1cfd43389,21367400.376118,1214.660711458885769475,23285138.5808628492289368615957403,202650,202660,7,0x9924e3b7c4159e5bbccb21a21ad5887701e38d6571dd460e8ad29d31f4d3bf67,15872220,1561218,7700934455
1667269991,0xc36442b4a4522e871399cd717abdd847ab11fe88,0x0182690c80f357aaea99ecca8b23e53b0725ccb9,1357.45153,0.479999999844186527,2116.971408564015657975450048909599,201930,203900,23,0x373f82bc4f5948f31fb8a81f0e65d37f0bfd0395d6df3e82ba6dcaff839aa78d,15872241,619406,10092804637
1667270423,0xc36442b4a4522e871399cd717abdd847ab11fe88,0x1c8f6a5f009e051cab9c3851ca2da2c936b2775a,25515757.455519,4536.728843329981724648,32715997.83801812668406738864358072,202610,202620,4,0x1f83c0eb13075efd4e45c37b7f9d9741f7160dfe56852a27d0a20f85ffc7b04c,15872276,1561414,9174801881
1667270867,0xc36442b4a4522e871399cd717abdd847ab11fe88,0x1ceeb17e12e3ef0ea4b3e7c3988b1830991b3ca9,201.050972,0.032460873953063045,252.5680535427803817788467113479829,202550,202850,71,0xbb816993dc78b859e5b20c4ade26516b0430f8fd554884fdf43b5585e9bb0a3e,15872313,599090,11265717453
1667270915,0xc36442b4a4522e871399cd717abdd847ab11fe88,0x4603180bbb8221157880afaa84638e0fc467738d,23653442.993244,15545.545158556026826548,48325025.11756741018085221454930837,202600,202610,41,0x649da724f0cd20ae2c5b5596f02756eb2517b72e36e20509ffdc73a16db40248,15872317,1770294,9409266668
1667271263,0xc36442b4a4522e871399cd717abdd847ab11fe88,0x1a54220656fa426a20331141324260398a549314,235510.834448,13498.750322427786482652,21763193.97964672490860720735593684,202550,202560,4,0x6bb1e53617fa20818ba3bb2cb79993ab555a22a290d25a6b8216c227ba17d02b,15872346,1573502,8970236079
1667271443,0xc36442b4a4522e871399cd717abdd847ab11fe88,0x042523db4f3effc33d2742022b2490258494f8b3,25126752.787625,2047.039748546227991215,28391352.99429099870214837014503999,202560,202570,50,0x2544e1c3dc2e3b88ddd652f5834676773851e6414718d6b9495a9250ef5bc0f8,15872361,1561066,9106684786
1667271599,0xc36442b4a4522e871399cd717abdd847ab11fe88,0xaea5fba08f28a63093b1ae52ceaec6ef910ab6c4,1476.983144,0.919601842183414268,2943.576603832131686728955508596917,202100,203000,34,0xb5fac6b9df45508ac63e8859e1df0fa99cbd63ad37650cd9ab3b8c5474163b4a,15872374,800000,13000000000
1667271851,0xc36442b4a4522e871399cd717abdd847ab11fe88,0x479bc00624e58398f4cf59d78884d12fb515790a,31494827.343215,1476.8919945320483,33857311.18334144710658294553494549,202520,202530,4,0x8442014af66f3eaabc319ae7ef0e168a49b4dd175b1464c016358f75b138b1f9,15872395,1013641,12780059785
1667272307,0xc36442b4a4522e871399cd717abdd847ab11fe88,0xe5d1a79b06e448ef5b256400dfe62978d127557e,1644.971521,0.999992203072971563,3243.172407716306631936734807605073,198080,207240,386,0x7869ca6a0048682c56f192e17bc2fb8662f2c74f229cc547465ef63ec0b0a32b,15872432,506060,12371202005
1667272787,0xc36442b4a4522e871399cd717abdd847ab11fe88,0x6f552caa703bcc2fb9e6b5731d2b388cd0a6a4b7,5200,0,5200,202620,203870,159,0x71c1a66bee85e391aeb67131be8440c2676eb6b1fcc1a66bb7353eb0b240596d,15872471,485736,10373019122
1667272895,0xc36442b4a4522e871399cd717abdd847ab11fe88,0x479bc00624e58398f4cf59d78884d12fb515790a,6033722.387311,10946.851372731484321106,23455170.52400815070619170077283012,202610,202620,4,0xb2f04b57687c67a00a9edd1501ae0bf292212ad2bb8f8b885d7c4aec18c950a9,15872480,819577,10277843809
1667272967,0xc36442b4a4522e871399cd717abdd847ab11fe88,0xc32053db3de17c5e6845d35dbd4ebb860fe265d9,3743.31777,2.904080014385764041,8365.037535143403832918451813725281,202380,202800,240,0xe95aab997b591c5afabb020ff9f170720791065a473e3e988ba8cc54f0fe3eae,15872486,517846,10500000000
1667273231,0xc36442b4a4522e871399cd717abdd847ab11fe88,0x4176bff9efcc1fbc2526c78d7e4b18140f1d14e4,158.246533,0.819606342347664889,1462.614873540163876536032085583002,202230,202660,478,0x3bd64bb321de403987a18fefa8dd9940d8d17a009aafdf3fbb71b0c7296dad9d,15872507,407502,10005338528
1667273843,0xc36442b4a4522e871399cd717abdd847ab11fe88,0x6046945c5b5ef5933b8e73a98a6ad7bf3e031df7,25236047.326792,5237.613891898264519909,33558252.06272065754874316851309584,202630,202640,4,0xc5861b5081c172adc518b3664f26e7c8536186a280381055e31e68313f386925,15872558,1561144,9584602969
1667273867,0xc36442b4a4522e871399cd717abdd847ab11fe88,0x8d6e15cb3442ff24f2b8538c203b829f3d879705,25438059.687204,5004.355799983528693949,33389633.51423170740814542453665624,202630,202640,58,0xecf2b9333af8bd06a97dc75913254db7f69199e72e6028977f19834fec9a43fd,15872560,1555562,9388712649
1667274395,0xc36442b4a4522e871399cd717abdd847ab11fe88,0x5a243879d1a43f48042c33bbc8051c69756f67d4,7026078.397742,11664.669742535801836878,25558215.96597724096082922659997281,202630,202640,4,0x92f770297b95249a9a3f70d8519a9ff3758b17a7f3aafef036b8ec8758e27d68,15872604,1573458,9745189946
1667274599,0xc36442b4a4522e871399cd717abdd847ab11fe88,0x22dfec183294d257f80c15d3c9cd47495bdc728c,69626.516061,6.999999999924239277,80739.1664105560343734341134690189,202390,204240,139,0xb60411fed985453b1c70610af5a56a7b4d507a0d7f561ceb3e79f495c1a808fc,15872621,565388,11111923908
1667275019,0xc36442b4a4522e871399cd717abdd847ab11fe88,0xefc0e701a824943b469a694ac564aa1eff7ab7dd,30002.528658,9.989426571326461144,45860.95805774946068177288715292342,200310,207240,74,0x1553e618d7f49d62a5f0cfdfa16ca7aa260b48b4dbf86225608ac073082c0bbe,15872654,305522,10949382509
1667275211,0xc36442b4a4522e871399cd717abdd847ab11fe88,0x431b5a84acc1297eda88259f300262f1bc3a74f3,8233859.432754,11924.302663810188164071,27163946.21852315279002247939905295,202620,202630,4,0xbeb4d1f2258ca82d16a7f4b41ee1208c4b0be48c2a56e48662eea70b13eb57cb,15872670,1573736,9639335068
1667275319,0xc36442b4a4522e871399cd717abdd847ab11fe88,0xe4445221cf7e2070c2c1928d0b3b3e99a0d4fb8e,0.008378,0.000002188840589934,0.01185283148456288918736899988298213,201600,205200,325,0x2e77231b3f94d4423c52271de27d1c140c89284ef01eca4edefa309f035f778e,15872679,2145037,11301591205
1667275979,0xc36442b4a4522e871399cd717abdd847ab11fe88,0xbae639b3ec59984c6fd9eb70ebbe2225c1e08915,2187.287271,0.597583027308001365,3134.926039562078675777754345829634,202070,204040,179,0xdb0cdab05539d6666153e6c9e6a2464a0f374c39eb0f0253f53428e0866b89f5,15872734,313286,12230879520
1667276471,0xc36442b4a4522e871399cd717abdd847ab11fe88,0xe18a59a244e6137851ca8b0ecf57456183120907,0,300.999999999999999884,477024.5977338969218882318281666174,202540,202640,219,0xe086faba584dba5e7232613ea75bde90f7565f5abf442c2f7d03b5123cc93ad2,15872773,498050,13947334136
1667277035,0xc36442b4a4522e871399cd717abdd847ab11fe88,0x479bc00624e58398f4cf59d78884d12fb515790a,8391803.246587,10642.893755744105999995,25258667.51923932217782732771112209,202620,202630,63,0xc5527383ab989ebecba0219200bc296bea68d3930331a4d48fe3ad35683536fe,15872820,861162,17418421498
1667277143,0xc36442b4a4522e871399cd717abdd847ab11fe88,0x1ceeb17e12e3ef0ea4b3e7c3988b1830991b3ca9,152.537746,0.037714367815611282,212.3074982566622204791877190162464,202550,202850,204,0xe2a2587ecb58261496946600b2f28be2af9a78e195d00d825a64a1a5b930f5d6,15872829,599090,18680741472
1667277299,0xc36442b4a4522e871399cd717abdd847ab11fe88,0xcf58eac3c7d16796aea617a7e2461c99cacdff1d,550000,0,550000,202630,203060,390,0xfbd8327c80f1441d6443824e12a6abf0bd2badf8dc9c57fa0327d02776a6903f,15872842,485374,18761183067
1667277599,0xc36442b4a4522e871399cd717abdd847ab11fe88,0xeca2e2d894d19778939bd4dfc34d2a3c45e96456,21324469.573926,3079.631959377669371532,26215457.17798501697301422088603137,202590,202600,4,0xe4f320a2f95c86b7f4801396f8857701e147bb8fd4c29668bb3daa7e72dfd582,15872867,1667986,12652804030
1667277899,0xc36442b4a4522e871399cd717abdd847ab11fe88,0xac221503406190103b8cb7d9393ae66d9c9af6a3,21442725.140801,3483.810532059309533163,26977502.5345840700932898661601939,202600,202610,160,0x2c6e79e2c8dfb4cca04adc41941bfb45565717e375897d79066602ec8e4d134b,15872892,1757898,11175238883
1667277995,0xc36442b4a4522e871399cd717abdd847ab11fe88,0x328db7533203c9b9bdd21d071490b667a4030f26,12899764.594048,11888.355974011571149333,31786958.16806552206016280032570036,202590,202600,4,0x741df4ac520071359b87fd96e93007b85140a25350f8612484d679f7ceebd0ae,15872900,1680262,11625836503
1667278295,0xc36442b4a4522e871399cd717abdd847ab11fe88,0x76e243628fb408b29dce727ba50e3f0e49a4ea1e,1850.096443,1.107319772116167505,3609.305089418439485152210739965055,201940,203320,170,0x255feedbc15b598aad58e0c1de601beae9c7227f1be2a5c5f0fd6f1654474be4,15872925,531896,13589042110
1667278943,0xc36442b4a4522e871399cd717abdd847ab11fe88,0x4a5f056378d883d511f13ad7b7976a2f5b207af2,1.961543,0.001441288427966349,4.251329021862025182888392529936757,201940,203190,155,0x6ebe225b0b88783d1cb7be1d7bbe184fa6ae41279e153249822d3ee213cec634,15872979,511254,13836196695
1667279147,0xc36442b4a4522e871399cd717abdd847ab11fe88,0x4a5f056378d883d511f13ad7b7976a2f5b207af2,346.975461,0.231629113721150345,715.3482350347795427054919851605203,201940,203190,247,0x9fa57da68011e1a8b474c038d04acb1c00c9dddd1b1a9ff43fdb2982429498f0,15872996,305641,13957655829
1667279327,0xc36442b4a4522e871399cd717abdd847ab11fe88,0x4a5f056378d883d511f13ad7b7976a2f5b207af2,47.578782,0.030580119063368658,96.22871921615635490580365758991618,201940,203190,262,0xda12e6a241e44dc933c1aa8fa2b3fdbf9f1e5161644aaf67702bfa50d212cdcd,15873011,292761,12660020408
1667279351,0xc36442b4a4522e871399cd717abdd847ab11fe88,0xe18a59a244e6137851ca8b0ecf57456183120907,476700,0,476700,202580,202640,260,0x84b1c4e7920800e99f4dcc3271b9ac5087a43214623b44f03161cd573da2a620,15873013,444938,11545418463
1667279831,0xc36442b4a4522e871399cd717abdd847ab11fe88,0x8c2d13991bec13b4eedab4ed7c9dd01c73dd08f1,2049.096035,1.187912727391240114,3939.375333375647239174406262158209,202100,203100,268,0x7d0ad4a469a2db9915aad39d1e9c3b8c9a8c2e9ede8882f26c0ccd64ec526285,15873053,333988,11264265775
1667280887,0xc36442b4a4522e871399cd717abdd847ab11fe88,0x479bc00624e58398f4cf59d78884d12fb515790a,33356581.810987,0,33356581.810987,202620,202630,3,0x21815ba8b5bc361f9fc23e66e2bb7c3df9e9f95ce6036a147556a8bb7ebde3fc,15873140,774748,9563820139
1667281343,0xc36442b4a4522e871399cd717abdd847ab11fe88,0x9e20f3f6fa7301f803eab871fa4101f37b1b7959,26.686848,0.019165557992079885,57.15832513228543610382856921182945,201610,203490,85,0xdd99a9e449d962912b817f08bcc6dcee9a7389ba8f84decd18ee10344512fde6,15873178,319116,10470658238
1667282423,0x26745bcedb8d1a079f370088af9089ae478de7fa,0x9a432485c3a009d1fa4b767d92590d1d98010d88,4.79957,0.001393103269402317,7.014466798366848511374258401307295,198080,214170,237,0x054566017eeec6fafd071b33e0adc5cedfe18dd5627616f51ad8ecc60a6ee9ca,15873265,387763,9057440964
1667282423,0x9981cd5cd2e7ad5dda4b7896e22688a32a500b27,0xf5da28239015dab940375808088532ed25a063a3,1.203894,0.000349437272721008,1.759464799077845199339751955748273,198080,214170,128,0xc799bd90e067f62160bc4a42d37d0aae1d4df2f295c4e887c79bfc8499fd749e,15873265,382163,9057440964
1667283047,0xc36442b4a4522e871399cd717abdd847ab11fe88,0xb8122e7354e573c3a40e61da5673046303f300a7,1000.765762,0.676601863490773638,2078.356546479874966186499450075797,202460,202660,117,0xa97705fa7e52c5bae239e9ae40c8aadb5fd32cfc8a3fd1cec3cde4e9c736b653,15873317,599090,10838696346
1667283083,0xc36442b4a4522e871399cd717abdd847ab11fe88,0xb8122e7354e573c3a40e61da5673046303f300a7,605.084616,0.387661929146589932,1222.494861054330982218436713698715,202460,202660,62,0x3cae112b76e630e2439ed3636623684bb410b8c365d3843c8fbd62528b401cb5,15873320,599090,10650444956
1667283107,0xc36442b4a4522e871399cd717abdd847ab11fe88,0xb8122e7354e573c3a40e61da5673046303f300a7,522.754952,0.334915461085285595,1056.159322023978705789146512847731,202460,202660,73,0xa6d325d9b8c7a1fefa03e02b711c9ac265e62691a28e12db9ae0f84842cd917e,15873322,599090,10867446730
1667283143,0xc36442b4a4522e871399cd717abdd847ab11fe88,0xb8122e7354e573c3a40e61da5673046303f300a7,438.888984,0.277847471871301687,881.5138765560110849576497990132215,202460,202660,81,0x8ea639b795075a2425fed1224f2517b4a6eeab3649ffa9e8fdd6acbd7660d1f9,15873325,599090,10298764195
1667283347,0xc36442b4a4522e871399cd717abdd847ab11fe88,0x96b8165f24a5b9fe650e0e6d4e0b8a934bd675d5,35369.030082,12.876530792675015633,55917.30736026144103304911894016163,201360,204620,188,0x356f41a2d83c99dfabeb0166292599a4f9ac3b7cf7799502d0a2315b6172a984,15873342,504112,9750588895
1667283383,0xc36442b4a4522e871399cd717abdd847ab11fe88,0x1ceeb17e12e3ef0ea4b3e7c3988b1830991b3ca9,4119.520497,2.697287928917294836,8424.3851449316435092244019006581,202440,202640,43,0x767560fdc7814481312473dd18e6587a6e7bd4962ebcadeeb680a5f839ab8026,15873345,635678,9979077885
1667283443,0xc36442b4a4522e871399cd717abdd847ab11fe88,0x1ceeb17e12e3ef0ea4b3e7c3988b1830991b3ca9,7018.279809,4.599827854685559897,14360.78304900728183728712510416718,202440,202640,124,0x54d687415360c01f48f18be99bf554268b95b4cca656c3d14f0d339b75576b7c,15873350,599090,10217593973
1667283479,0xc36442b4a4522e871399cd717abdd847ab11fe88,0x1ceeb17e12e3ef0ea4b3e7c3988b1830991b3ca9,48089.740331,27.013229696058217668,91236.41301797947961823160346845702,202440,202640,130,0x0d57660eb0461fd9586174b2d9a2f1a8f1013b85d38560ca700a8ed2c1a2a9dc,15873353,599090,10038985429
1667283527,0xc36442b4a4522e871399cd717abdd847ab11fe88,0x1ceeb17e12e3ef0ea4b3e7c3988b1830991b3ca9,4957.7419,2.837250955242880795,9490.811295664878785854020596095294,202440,202640,94,0x7a12ec7d2a3a37e1ee3920bd178788facfc2460aae00cf6a696bcacd617a5447,15873357,599090,10832839960
1667284079,0xc36442b4a4522e871399cd717abdd847ab11fe88,0x479bc00624e58398f4cf59d78884d12fb515790a,9382358.535092,11669.616015757188999994,28026877.49187960490484197777334349,202560,202570,4,0x86a17db9a1f28e4ae22edddfa7950fc9ed72050528f7435842f8e8f700d09144,15873403,893430,7915363672
1667284115,0xc36442b4a4522e871399cd717abdd847ab11fe88,0x1c8f6a5f009e051cab9c3851ca2da2c936b2775a,21200439.986037,3748.384903358325068026,27189226.01752546823645727276390743,202570,202580,4,0x983402fb64c1aa7f7e2231dc9e63e681291a9c8f351629273e4f56ceff664e8a,15873406,1561160,8268832023
1667284487,0xc36442b4a4522e871399cd717abdd847ab11fe88,0x479bc00624e58398f4cf59d78884d12fb515790a,2161516.265693,11348.96375106001955845,20293729.82874607588228940150065325,202570,202580,4,0xfa1dc5cd8acbee4b83cce5a3aa8373306278f152bf3bac437e31392e1cd1436b,15873437,819417,8224861332
1667284499,0xc36442b4a4522e871399cd717abdd847ab11fe88,0x479bc00624e58398f4cf59d78884d12fb515790a,2210526.963239,11318.25343062688028386,20293674.71721047904932185483004965,202570,202580,4,0xec3d88a581115c92a0e98f4652b0587092c33f29b557cbec109c987d78ee647e,15873438,812577,8954049230
1667284607,0xc36442b4a4522e871399cd717abdd847ab11fe88,0x479bc00624e58398f4cf59d78884d12fb515790a,4441138.905751,11301.26178933321655164,22497139.15308825217114732028641008,202570,202580,4,0xc2cd8da488250db16d858cc195fd8984cb7144ec12cf1d76bd2bfb75f8f5560d,15873445,823225,10296133841
1667286287,0xc36442b4a4522e871399cd717abdd847ab11fe88,0xac221503406190103b8cb7d9393ae66d9c9af6a3,21137261.831457,9090.396241704233097181,35654709.75205339727803860495952843,202580,202590,17,0xb8bf9e0bf8849dfd9f13bd0414b821b7dd471a633c6677d9e78c25eca531d9a3,15873582,1561298,8954406331
1667286803,0xc36442b4a4522e871399cd717abdd847ab11fe88,0x8a14ce0fecbefdcc612f340be3324655718ce1c1,20966856.073477,5795.749035563700219423,30222721.55474546695416856427764829,202560,202570,17,0x44d1bc149f5722411e2ffd8c3dd3ff11a13491b8e7406b8959d0f6a6623bd302,15873625,1561104,7580338039
1667287571,0xc36442b4a4522e871399cd717abdd847ab11fe88,0x1ceeb17e12e3ef0ea4b3e7c3988b1830991b3ca9,97364.194818,5.633818199688978612,106331.5388369005348185212193382126,202600,202800,117,0xc7f7e71fa6758b8129af08f0d7961a09112d9f429b73db2e8272efb52f36871e,15873687,599090,9401461083
1667287847,0xc36442b4a4522e871399cd717abdd847ab11fe88,0x1ceeb17e12e3ef0ea4b3e7c3988b1830991b3ca9,13012.656389,1.174245661328450255,14880.5472357163248113118680360739,202600,202800,138,0xf293d2ed26b1716dcc996cedf893196dd94eb35929c4f57045787b9384dc3903,15873709,599090,10097374504
1667287871,0xc36442b4a4522e871399cd717abdd847ab11fe88,0x76dd32063b2899a59f6e15dbc474a160cc922751,14613716.771406,11707.640917967459837573,33237243.37023754276995867629130308,202620,202630,4,0x5b7f6f069a16a07b4ff163d3edfab95e180ddb6bd564711b954893c10867b540,15873711,1573736,7694664728
1667288039,0xc36442b4a4522e871399cd717abdd847ab11fe88,0x1ceeb17e12e3ef0ea4b3e7c3988b1830991b3ca9,1498.73406,0.136253512396260611,1715.474642502979324939694593484508,202600,202800,96,0x96b34193406546729b2edc7cc21dbd33679017721d31b9d173dcfb49c674c0ac,15873724,599090,10942449703
1667288051,0xc36442b4a4522e871399cd717abdd847ab11fe88,0x1ceeb17e12e3ef0ea4b3e7c3988b1830991b3ca9,143.552887,0.010248207482781103,159.8548701222371275965623559346675,202600,202800,89,0xdc0c21ee41f5dc91013da31dd5b7d16f9d64f76b0b811d801c19e609e8acf837,15873725,599090,10707308883
1667288687,0xc36442b4a4522e871399cd717abdd847ab11fe88,0x479bc00624e58398f4cf59d78884d12fb515790a,1381021.908157,10465.85064822097199999,18023641.11219676982508728458417223,202620,202630,4,0xe4b49d925a88714639839473a0689b3c9058c7b0e63743147a2b4e2325f7c210,15873777,823320,6954480951
1667288723,0xc36442b4a4522e871399cd717abdd847ab11fe88,0xeb79bc36120d208969576ea69e9bda1bbe5b48cd,566,0.916695930955796757,2023.714380619500239578699676721401,186960,207380,313,0x73fdaf7d7cc3155dc5cfb0565756aeeacd5cc7dd21614cbcf599e1ddbfaeae90,15873780,333900,9648264695
1667288963,0xc36442b4a4522e871399cd717abdd847ab11fe88,0x1a54220656fa426a20331141324260398a549314,21451101.27343,2011.470116087668332364,24649707.06559289598286818572537263,202620,202630,19,0x1a9ee21620e999e0f0f84c7406b6268888895e607ac133869db59dfd37dee8bc,15873800,1561298,7612883566
1667289083,0xc36442b4a4522e871399cd717abdd847ab11fe88,0x36a454aef52938c8637cd4689b2980c1cfd43389,8770661.14998,11670.55163930491558371,27328975.1774452270189377510311842,202610,202620,4,0x01f6969a2150b4dbb64acc7c57792f283e22f5b28a9447d81326966fd767b6f9,15873810,1573816,7278209451
1667290103,0xc36442b4a4522e871399cd717abdd847ab11fe88,0x1ceeb17e12e3ef0ea4b3e7c3988b1830991b3ca9,5487.046359,9.124114735336793571,19998.53337886525568317145683832765,202440,202640,264,0x2d5e265d6f45f14dfd6aa726f112fadc2d9be7122b5b9c364f53204dac28d24c,15873895,599090,9472080158
1667290127,0xc36442b4a4522e871399cd717abdd847ab11fe88,0x1ceeb17e12e3ef0ea4b3e7c3988b1830991b3ca9,4871.448029,8.08305842838721585,17727.18262537383740033098624574434,202440,202640,166,0x89f7e5cf46507a27c3fe5f86dc398081478e33fad22972e15db8c5c5b581a381,15873897,599090,9555297055
1667290235,0xc36442b4a4522e871399cd717abdd847ab11fe88,0x1ceeb17e12e3ef0ea4b3e7c3988b1830991b3ca9,4070.603856,8.598219329553158896,17745.67829489673197712501841397033,202440,202640,106,0xe318fcb0fd0573f0eae1207991831104bbb223b202961b32975178a402791498,15873906,599090,11210596416
1667290499,0xc36442b4a4522e871399cd717abdd847ab11fe88,0xaa64cc77aa0bb6c6f42912ce3e7adb47d5b04d4e,500,0.255681748086098821,906.6501218138094878126449236064628,202570,202610,186,0xaf42dc87a5c5482c0e75fdd6e6d9112796132a1869216be2d1ee426845ce45fc,15873928,585684,9714369668
1667290583,0xc36442b4a4522e871399cd717abdd847ab11fe88,0x1ceeb17e12e3ef0ea4b3e7c3988b1830991b3ca9,3263.057347,5.817696561095664928,12515.8375432957450850503919399728,202440,202640,125,0x19e49aa420e63d6613f8a14fb04139d9592d2d303414921df133714ac045366f,15873935,599090,9761394833
1667290655,0xc36442b4a4522e871399cd717abdd847ab11fe88,0x1ceeb17e12e3ef0ea4b3e7c3988b1830991b3ca9,2663.919862,6.714934256127102107,13343.71555983874620866757160312679,202440,202640,93,0xaf8a6df429df00f27516aae243d346d04408ff99bebeaaccc90c3258b9daf17c,15873941,599090,9637067334
1667290799,0xc36442b4a4522e871399cd717abdd847ab11fe88,0x1ceeb17e12e3ef0ea4b3e7c3988b1830991b3ca9,2106.672037,4.596926299904000958,9417.87298825280797749874061751752,202440,202640,132,0x531b4504318130e5782dfec9f751e82d5cb92c18bc578d625f69693fe9f6f39a,15873953,599090,9554200493
1667291003,0xc36442b4a4522e871399cd717abdd847ab11fe88,0x1ceeb17e12e3ef0ea4b3e7c3988b1830991b3ca9,1629.576425,3.570113971956275328,7307.679349641787979573374563850251,202440,202640,74,0x514a9862d538ed690e5ae0c3dada2e16ad00d0afaea45253f6ef9496eb88f6ae,15873970,599090,9406657467
1667291027,0xc36442b4a4522e871399cd717abdd847ab11fe88,0x9e20f3f6fa7301f803eab871fa4101f37b1b7959,3666.881709,2.55957016068094436,7737.760938445036670290403429052439,202090,203050,72,0xd67a745a1d214fb92dd479444351967f1e60ba54fbde1ae1790d49952276d4ae,15873971,564957,9294437287
1667291075,0xc36442b4a4522e871399cd717abdd847ab11fe88,0x1ceeb17e12e3ef0ea4b3e7c3988b1830991b3ca9,1259.489181,3.30468762390701322,6515.443643443068399266871552928843,202440,202640,58,0xecc683f89ff7f9cbf875345e1f164fd9f9160eab02463359160f8033d17c768d,15873975,599090,11268841307
1667291171,0xc36442b4a4522e871399cd717abdd847ab11fe88,0x1ceeb17e12e3ef0ea4b3e7c3988b1830991b3ca9,46701.732849,4.661348097823504329,54115.39372227512216302294728334475,202600,202800,251,0x5f04e4fc1ffbfaa258711cf61b2d05c5b7866c426ffcab54daa01e0fdeb5ead0,15873983,599090,9634602376
1667291219,0xc36442b4a4522e871399cd717abdd847ab11fe88,0x1ceeb17e12e3ef0ea4b3e7c3988b1830991b3ca9,57508.215089,5.487314736820161729,66235.53811014587582985781028092472,202600,202800,69,0x9045030b214d0360d33b4c3732ed1c5e23fc9afbe2829a4207b8a92e5419801c,15873987,599090,10761663872
1667291231,0xc36442b4a4522e871399cd717abdd847ab11fe88,0xf08ca5c8791320bf88d1bcb49ffa31e2a8f93d6e,264.056426,0.059999999775579851,359.4836803902974030284075641713486,201930,204620,310,0x65c169a3bbd9d9df4f816555498118fafca06320e364db2caf64c07e798ede24,15873988,538472,9266465149
1667291267,0xc36442b4a4522e871399cd717abdd847ab11fe88,0x1ceeb17e12e3ef0ea4b3e7c3988b1830991b3ca9,1867.655406,0.163792357413522495,2128.15965627581880935849745129697,202600,202800,75,0xd02113e804ee15d1dcac66569727bbc47a326ff4d9bc44d2e27aa38a1d06c27a,15873991,599090,11175903047
1667291315,0xc36442b4a4522e871399cd717abdd847ab11fe88,0x1ceeb17e12e3ef0ea4b3e7c3988b1830991b3ca9,127.608947,0.011201738732452863,145.4247999272277217616301972560536,202600,202800,73,0xd2fca63e7285c5f541e8b54ddcab9b9c2a6e237981d5ad44e86cc51c08d9e692,15873995,599090,10688527847
1667292455,0xc36442b4a4522e871399cd717abdd847ab11fe88,0x5b85b47670778b204041d6457db8b5f5d36fa97a,48828,0,48828,202730,202800,226,0x39904250f2c5899245277189d4a89b79242e298e96ffe9e0a73227cc1ccfe424,15874088,444924,9409458732
1667293019,0xc36442b4a4522e871399cd717abdd847ab11fe88,0xbc1934f548417f79ab10138b57716fbc7c25c177,804.350243,0.498717447941059653,1597.532089858973939162278848561698,194580,210830,179,0x9f9aa4a0c6d266de3f0e0a24a9d25ee48cff19a66a8a3700908462d4e4b00748,15874135,326038,9454922833
1667293331,0xc36442b4a4522e871399cd717abdd847ab11fe88,0xd49ae0f941bcc25bc531e1a1b6f59915e2801842,9797,6.273738233586643511,19775.01495730668855200231130175789,201690,203540,380,0x3fbcb36c5fee47d925f0304a2eca1000350e825c4f914029185a11e72513a4e4,15874161,619435,10160471192
1667294099,0xc36442b4a4522e871399cd717abdd847ab11fe88,0x1ceeb17e12e3ef0ea4b3e7c3988b1830991b3ca9,5600.995977,8.247507159193048667,18718.17535728716300109344699260005,202440,202640,139,0xc1eb7ae57dd657c3b099f1b143bee2cb511044fb9f9c7997993404aadcb3434f,15874222,599090,10872553243
1667294123,0xc36442b4a4522e871399cd717abdd847ab11fe88,0x1ceeb17e12e3ef0ea4b3e7c3988b1830991b3ca9,4864.120052,7.804714636205580465,17277.06373534660630300926351755613,202440,202640,116,0xe320f8ee43783a1828fc32443b4b677c21cf24ecc6392dfc3a2629e10963ce43,15874224,599090,10782266195
1667294171,0xc36442b4a4522e871399cd717abdd847ab11fe88,0x8d6e15cb3442ff24f2b8538c203b829f3d879705,21552291.861313,1966.400155260578760995,24679736.68459233321728138003446098,202580,202590,26,0xef43e6e04acfc61c2fd5b07acbd83d5563a054d66b4374a1e14d45fcfcb4e0cb,15874228,1561360,8646149600
1667294231,0xc36442b4a4522e871399cd717abdd847ab11fe88,0x1ceeb17e12e3ef0ea4b3e7c3988b1830991b3ca9,4096.510044,6.826626398671208051,14953.86139940462365834993472357886,202440,202640,99,0xafd8db1a6dfce349f9163b5baad3f90bf0021c23fef74971cee2168b171126ee,15874233,599090,10607662652
1667294471,0xc36442b4a4522e871399cd717abdd847ab11fe88,0xc3ad78caa7984ecabb06c6bd4934c3d8e9efd593,5384.295663,1.149999999787701334,7213.316579078248223477168747698154,201910,204620,168,0x8c929e8159641d2b079fc8bfc6962aa6b9387b4c21166398188af1ede80104ca,15874253,561691,10165300055
1667294519,0xc36442b4a4522e871399cd717abdd847ab11fe88,0x1ceeb17e12e3ef0ea4b3e7c3988b1830991b3ca9,3469.495991,6.780708216045232549,14253.89351731292931693696631223992,202440,202640,98,0x07e2d30fa11f731c7e1b24dbc0e65cf4c1a5ef4731e29d51cda2d51a8311c5be,15874257,599090,10510726275
1667294555,0xc36442b4a4522e871399cd717abdd847ab11fe88,0x1ceeb17e12e3ef0ea4b3e7c3988b1830991b3ca9,2824.980401,5.997528009420213938,12363.76664101720333200280628078516,202440,202640,72,0x7667e645b4ed9876491f5cf8c98392fe2cc3371cb18ad8623fdd675f85816069,15874260,599090,9650274624
1667294675,0xc36442b4a4522e871399cd717abdd847ab11fe88,0x1ceeb17e12e3ef0ea4b3e7c3988b1830991b3ca9,2258.631327,5.419412171220163741,10877.98436255807629518841475114482,202440,202640,217,0x182e9bfbbbdd682b01bef99287d6c3cc9ffa0615ede1c2394d7c01c5b9c61bc7,15874270,599090,10497679230
1667294675,0xc36442b4a4522e871399cd717abdd847ab11fe88,0xa483254773cfe94d502557099945caf90725473f,2788730.092324,11136.922893485358508241,20501549.69635989657631574951146581,202590,202600,29,0x271fdaa895615b0b1b0d3ec47e994f255f433b9ce6a858dbab6892d45ac0afb0,15874270,1671096,8497679230
1667294759,0xc36442b4a4522e871399cd717abdd847ab11fe88,0x1ceeb17e12e3ef0ea4b3e7c3988b1830991b3ca9,1755.552086,4.110618893976154665,8293.323032814440178742236238406466,202440,202640,72,0x15ea3b3b0672b9a475e41c71b83713a218687498f911eb8f3cd71ff5b378820e,15874277,599090,10975482710
1667294819,0xc36442b4a4522e871399cd717abdd847ab11fe88,0x1ceeb17e12e3ef0ea4b3e7c3988b1830991b3ca9,73704.064775,2.292445980931356567,77350.10619062180397488946433595871,202600,202800,103,0x48e0097b814b1b49a257628cf6b597b543be409cc84ddc7c55a2668809a1be8a,15874282,599090,10221719748
1667294975,0xc36442b4a4522e871399cd717abdd847ab11fe88,0x1ceeb17e12e3ef0ea4b3e7c3988b1830991b3ca9,26419.372034,1.808144566924201839,29295.15189152964791525637518783889,202600,202800,122,0x324ffa43683ea96836fdb221c4d7886ac2582403ec4a2026ac466c91a5b19903,15874295,599090,10001941699
1667295083,0xc36442b4a4522e871399cd717abdd847ab11fe88,0x1ceeb17e12e3ef0ea4b3e7c3988b1830991b3ca9,9473.09309,0.486479125874339136,10246.81820960029664846808598444849,202600,202800,117,0x90f0be9821a632c84703de0520153ccd9d0f01d11dec2d86a493b5bda387f91b,15874303,599090,10623043804
1667295095,0xc36442b4a4522e871399cd717abdd847ab11fe88,0x1ceeb17e12e3ef0ea4b3e7c3988b1830991b3ca9,2530.549479,0.000080097463426558,2530.67687073414277621139904658454,202600,202800,125,0xe07f99b9ba134569def2712e9e74f622f79a4e5f359effec9a18ab817b82e92b,15874304,599090,10708384918
1667295395,0xc36442b4a4522e871399cd717abdd847ab11fe88,0x76dd32063b2899a59f6e15dbc474a160cc922751,21843977.871051,4519.471598069728715548,29032067.89234007420109508912435933,202580,202590,4,0xfa988289f3f5d42f85bf9ded564b2a05a3d7b2865a95f025be0a937607179f49,15874329,1561292,8207280929
1667295503,0xc36442b4a4522e871399cd717abdd847ab11fe88,0x1ceeb17e12e3ef0ea4b3e7c3988b1830991b3ca9,5495.985323,7.680405882537363509,17711.47410841324949936150078798165,202440,202640,90,0xd1a44eeb3f8a2e37bc1dc787929900a561e10ea58b3de3c813980f1eec4243f2,15874338,599090,10046574589
1667295551,0xc36442b4a4522e871399cd717abdd847ab11fe88,0x1ceeb17e12e3ef0ea4b3e7c3988b1830991b3ca9,4736.732856,8.620163977065590251,18446.88281430928132684836598659616,202440,202640,122,0x7f8d29e7a13c2627830e24ed2f7eacd6343ea34b796cdae126edc2c3298ee0e2,15874342,599090,10732259650
1667295575,0xc36442b4a4522e871399cd717abdd847ab11fe88,0x1ceeb17e12e3ef0ea4b3e7c3988b1830991b3ca9,4164.927372,8.621192806074656158,17876.71365648976704605075952705622,202440,202640,111,0xbb4ee7e164ad4796f05861528c25bc4f81f82943a98eb46e8e2be2b1e385fc1c,15874344,599090,10858612078
1667295599,0xc36442b4a4522e871399cd717abdd847ab11fe88,0x1ceeb17e12e3ef0ea4b3e7c3988b1830991b3ca9,3405.957843,7.038730317749488461,14600.87808224281621605689564133492,202440,202640,59,0x972c5c4940b029373a21b61e583ad4b4db4bd7fcdba0d3b941da4f9eaa61cac4,15874346,599090,10492215234
1667295647,0xc36442b4a4522e871399cd717abdd847ab11fe88,0x05114882a9a702d7121c918a555ae12ecfc9915a,60455.17392,36.499999999512737968,118507.4887951002775731148950452024,202280,202920,177,0x24a3f41fafeaa10338f429c96acd0fa8f540f16855e4b14a90dbecb8dbbfe27a,15874350,569569,9258181856
1667295863,0xc36442b4a4522e871399cd717abdd847ab11fe88,0x1ceeb17e12e3ef0ea4b3e7c3988b1830991b3ca9,3272.514487,3.221322103764380146,8403.97164760244974247108579090707,202440,202640,136,0x3cd9fc4ae1fcdb6a1b2bbfab8e663f4a6514bf3d0902d31aceb984807a45c961,15874367,599090,9761404054
1667295899,0xc36442b4a4522e871399cd717abdd847ab11fe88,0x1ceeb17e12e3ef0ea4b3e7c3988b1830991b3ca9,17456.741616,15.989135741923486818,42935.54482476252387357382522990284,202440,202640,171,0x9a2461cfdaea92a951b778cb86591c873458a3561029db20739132acd3d04f18,15874370,599090,10028628786
1667295935,0xc36442b4a4522e871399cd717abdd847ab11fe88,0x1ceeb17e12e3ef0ea4b3e7c3988b1830991b3ca9,891.018561,0.680868336777601471,1976.338170525767003548849716300769,202440,202640,84,0x58d9dc1572e4b0cee9ce088d996f3dcd126fdfd117c5e07a15b80a8b8d49dc0f,15874373,599090,10112913147
1667296127,0xc36442b4a4522e871399cd717abdd847ab11fe88,0x1ceeb17e12e3ef0ea4b3e7c3988b1830991b3ca9,97.799616,0.024095684141411057,136.502411346747608235413113301128,202440,202640,206,0x8f6ee58484d9bb10a6074a392b1290ca17d0cba23d6f1fa5245de7a557d20126,15874389,599090,11605811873
1667296223,0xc36442b4a4522e871399cd717abdd847ab11fe88,0x1ceeb17e12e3ef0ea4b3e7c3988b1830991b3ca9,50.07331,0.018912958256719985,80.45154489532796353443738822406362,202440,202640,140,0x786765fe0850f3d0927b17b61f223103641a671f653fad4e70079c7916748236,15874397,599090,10011509528
